,Date,Open,High,Low,Close,a1,a2,a3,a4,pl,,,
2000,22/02/2008,13530,13541,13379,13500,-30,-402,45,-387,-30,1,,
2001,25/02/2008,13612,13969,13612,13915,431,-156,492,767,303,0,1,
2002,26/02/2008,14037,14054,13803,13825,-424,-314,-205,-943,-212,1,0,
2003,27/02/2008,14007,14105,13956,14031,252,475,40,767,24,0,1,
2004,28/02/2008,13878,13962,13795,13926,-442,-138,-138,-718,48,0,0,
2005,29/02/2008,13735,13739,13533,13603,-39,147,-132,-24,-132,1,0,
2006,03/03/2008,13413,13414,12992,12992,76,-531,-1679,-2134,-421,1,0,
2007,04/03/2008,13080,13110,12883,12992,-88,-1015,-88,-1191,-88,1,0,
2008,05/03/2008,12973,13044,12920,12972,-1,-13,-1,-15,-1,1,0,
2009,06/03/2008,13069,13365,13051,13215,146,516,146,808,146,0,1,
2010,07/03/2008,13025,13025,12745,12783,-242,-403,217,-428,-242,1,0,
2011,10/03/2008,12717,12777,12527,12532,-185,505,-185,135,-185,0,0,
2012,11/03/2008,12392,12675,12353,12658,266,-817,266,-285,266,0,0,8
2013,12/03/2008,12842,13071,12799,12861,-164,240,19,95,19,0,1,7
2014,13/03/2008,12741,12772,12352,12433,-252,-615,-459,-1326,-308,1,0,7
2015,14/03/2008,12510,12583,12167,12242,-295,-270,-161,-726,-268,1,0,8
2016,17/03/2008,12089,12133,11691,11788,-301,-177,-301,-779,-301,1,0,8
2017,18/03/2008,11829,11995,11794,11964,135,320,135,590,135,0,1,8
2018,19/03/2008,12142,12375,12142,12260,49,568,49,666,118,0,1,8
2019,21/03/2008,12332,12496,12308,12483,343,175,495,1013,151,0,1,8
2020,24/03/2008,12473,12582,12438,12480,-20,60,39,79,7,0,1,8
2021,25/03/2008,12640,12791,12573,12745,227,81,162,470,105,0,1,8
2022,26/03/2008,12649,12712,12591,12707,58,218,58,334,58,0,1,9
2023,27/03/2008,12618,12622,12476,12605,-144,293,-66,83,-13,0,0,10
2024,28/03/2008,12594,12874,12508,12820,353,385,38,776,226,0,1,9
2025,31/03/2008,12709,12709,12431,12526,-87,-243,-111,-441,-183,1,0,9
2026,01/04/2008,12540,12779,12522,12656,-380,57,-78,-401,116,0,0,9
2027,02/04/2008,12836,13189,12836,13189,322,736,-68,990,353,0,1,8
2028,03/04/2008,13190,13390,13137,13390,200,305,200,705,200,0,1,8
2029,04/04/2008,13286,13361,13220,13293,-1268,7,7,-1254,7,0,0,8
2030,07/04/2008,13241,13486,13229,13450,524,226,209,959,209,0,1,7
2031,08/04/2008,13374,13403,13226,13250,246,10,10,266,-124,0,0,7
2032,09/04/2008,13295,13348,12999,13112,-20,-188,-98,-306,-183,1,0,6
2033,10/04/2008,13030,13062,12898,12945,291,11,-288,14,-85,0,0,6
2034,11/04/2008,13062,13329,13040,13324,148,448,-18,578,262,0,1,6
2035,14/04/2008,13133,13133,12859,12918,157,-299,-52,-194,-215,1,0,6
2036,15/04/2008,12953,13053,12876,12991,513,266,6,785,38,0,1,6
2037,16/04/2008,13131,13222,13112,13146,-102,-218,55,-265,15,0,0,7
2038,17/04/2008,13316,13496,13313,13398,131,101,-6,226,82,0,1,6
2039,18/04/2008,13426,13485,13324,13476,50,-274,-84,-308,50,0,0,6
2040,21/04/2008,13640,13739,13640,13697,-311,167,105,-39,57,0,0,6
2041,22/04/2008,13588,13608,13519,13548,-551,-352,-352,-1255,-40,1,0,5
2042,23/04/2008,13456,13717,13449,13579,526,99,-61,564,123,0,1,6
2043,24/04/2008,13614,13655,13497,13541,-516,-5,-218,-739,-73,1,0,6
2044,25/04/2008,13615,13886,13615,13863,-72,367,229,524,248,0,1,7
2045,28/04/2008,13908,14003,13746,13894,-837,13,13,-811,-14,1,0,7
2046,30/04/2008,13803,13976,13766,13850,-291,137,25,-129,47,0,0,7
2047,01/05/2008,13803,13885,13727,13767,678,26,-85,619,-36,0,0,6
2048,02/05/2008,13944,14073,13944,14049,-106,-452,-54,-612,105,0,0,6
2049,07/05/2008,14148,14209,14023,14102,-53,-104,-36,-193,-46,1,0,5
2050,08/05/2008,14008,14036,13930,13943,-1105,-159,-159,-1423,-65,1,0,6
2051,09/05/2008,13941,13947,13640,13655,-896,-238,-452,-1586,-286,1,0,7
2052,12/05/2008,13566,13793,13541,13743,-43,191,195,343,177,0,1,7
2053,13/05/2008,13814,13977,13734,13954,18,377,164,559,140,0,1,7
2054,14/05/2008,13962,14122,13877,14119,-522,69,-37,-490,157,0,0,7
2055,15/05/2008,14167,14353,14167,14252,104,333,200,637,85,0,1,6
2056,16/05/2008,14364,14393,14195,14219,-852,-135,-26,-1013,-145,1,0,6
2057,19/05/2008,14295,14343,14219,14270,12,-197,-591,-776,-25,1,0,7
2058,20/05/2008,14220,14287,14122,14160,-727,-197,-37,-961,-60,1,0,8
2059,21/05/2008,14003,14041,13847,13926,-1164,-156,-200,-1520,-77,1,0,9
2060,22/05/2008,13773,13985,13658,13978,294,499,179,972,205,0,1,9
2061,23/05/2008,13945,14157,13925,14012,32,139,-447,-276,67,0,0,9
2062,26/05/2008,13876,13884,13671,13690,-156,-643,-447,-1246,-186,1,0,8
2063,27/05/2008,13751,13931,13751,13893,-64,100,142,178,142,0,1,8
2064,28/05/2008,13937,13979,13666,13709,-301,828,-332,195,-228,0,0,8
2065,29/05/2008,13833,14148,13833,14124,284,228,227,739,291,0,1,8
2066,30/05/2008,14196,14367,14192,14339,390,-97,65,358,143,0,1,8
2067,02/06/2008,14343,14461,14190,14440,292,112,-147,257,97,0,1,8
2068,03/06/2008,14276,14289,14128,14209,-357,-29,-29,-415,-67,1,0,8
2069,04/06/2008,14270,14436,14250,14436,39,334,24,397,166,0,1,8
2070,05/06/2008,14393,14393,14262,14341,-340,-130,-52,-522,-52,1,0,8
2071,06/06/2008,14530,14601,14489,14489,13,-441,-109,-537,-41,1,0,8
2072,09/06/2008,14275,14279,14118,14181,-399,-134,-25,-558,-94,1,0,9
2073,10/06/2008,14281,14309,13984,14021,-303,-382,113,-572,-260,1,0,9
2074,11/06/2008,14138,14194,13994,14183,-65,-281,385,39,45,0,1,9
2075,12/06/2008,14010,14010,13826,13889,394,-415,-47,-68,-121,1,0,10
2076,13/06/2008,14011,14041,13810,13974,-95,-37,-85,-217,-37,1,0,10
2077,16/06/2008,14118,14369,14104,14354,360,236,294,890,236,0,1,10
2078,17/06/2008,14387,14387,14300,14348,-39,75,15,51,-39,0,0,10
2079,18/06/2008,14301,14470,14301,14453,188,117,244,549,152,0,1,9
2080,19/06/2008,14325,14325,14069,14130,-195,-658,-264,-1117,-195,1,0,9
2081,20/06/2008,14171,14190,13903,13942,-193,-398,-333,-924,-229,1,0,9
2082,23/06/2008,13769,13921,13668,13857,117,37,385,539,88,0,1,9
2083,24/06/2008,13766,13877,13738,13850,493,198,109,800,84,0,1,9
2084,25/06/2008,13821,13833,13636,13830,56,-1,9,64,9,0,1,9
2085,26/06/2008,13845,13951,13798,13822,-72,188,-23,93,-23,0,0,9
2086,27/06/2008,13605,13606,13453,13544,-146,-339,-138,-623,-61,1,0,8
2087,30/06/2008,13585,13598,13454,13481,-104,-270,-104,-478,-104,1,0,8
2088,01/07/2008,13515,13576,13448,13463,176,-240,-458,-522,-52,1,0,8
2089,02/07/2008,13490,13490,13247,13286,-204,-63,-204,-471,-204,1,0,9
2090,03/07/2008,13162,13327,13119,13265,194,8,-882,-680,103,0,0,9
2091,04/07/2008,13285,13289,13135,13238,-279,104,-47,-222,-47,1,0,8
2092,07/07/2008,13213,13409,13170,13360,-32,-1027,-194,-1253,147,0,0,8
2093,08/07/2008,13286,13295,12985,13033,-278,-170,-377,-825,-253,1,0,7
2094,09/07/2008,13170,13285,13039,13052,-118,-231,-118,-467,-118,1,0,7
2095,10/07/2008,12934,13140,12930,13067,237,651,381,1269,133,0,1,7
2096,11/07/2008,13064,13164,12918,13040,-118,175,-8,49,-24,0,0,8
2097,14/07/2008,13022,13186,12970,13010,-123,127,288,292,-12,0,0,7
2098,15/07/2008,12902,12902,12716,12755,-227,-35,-14,-276,-147,1,0,6
2099,16/07/2008,12725,12815,12671,12761,-297,-282,-83,-662,36,0,0,6
2100,17/07/2008,12890,12930,12853,12888,-955,1031,-125,-49,-2,1,0,5
2101,18/07/2008,12976,13000,12762,12804,-783,-1170,-557,-2510,-172,1,0,6
2102,22/07/2008,12945,13185,12921,13185,563,103,316,982,240,0,1,6
2103,23/07/2008,13260,13389,13239,13313,184,161,94,439,53,0,1,7
2104,24/07/2008,13411,13603,13394,13603,-334,-80,63,-351,192,0,0,7
2105,25/07/2008,13452,13470,13324,13335,-177,-57,-117,-351,-117,1,0,6
2106,28/07/2008,13407,13469,13327,13354,16,80,294,390,-53,0,0,6
2107,29/07/2008,13220,13220,13018,13159,-19,211,-155,37,-61,0,0,6
2108,30/07/2008,13267,13372,13264,13368,-128,71,98,41,101,0,1,6
2109,31/07/2008,13410,13468,13256,13377,-44,383,-101,238,-33,0,0,6
2110,01/08/2008,13277,13294,13039,13095,-267,-194,142,-319,-182,1,0,6
2111,04/08/2008,13083,13114,12910,12933,-294,-150,-92,-536,-150,1,0,6
2112,05/08/2008,12957,13050,12893,12915,90,101,310,501,-42,0,0,6
2113,06/08/2008,13059,13296,13049,13255,111,191,305,607,196,0,1,5
2114,07/08/2008,13258,13258,13034,13125,-216,24,-133,-325,-133,1,0,5
2115,08/08/2008,13027,13260,12963,13168,130,102,141,373,141,0,1,6
2116,11/08/2008,13259,13469,13259,13431,200,3,102,305,172,0,1,6
2117,12/08/2008,13398,13420,13276,13304,-162,-162,-239,-563,-94,1,0,7
2118,13/08/2008,13206,13206,12953,13023,-176,-421,-263,-860,-183,1,0,8
2119,14/08/2008,12943,13091,12927,12957,-166,123,-60,-103,14,0,0,8
2120,15/08/2008,12992,13030,12952,13019,106,792,167,1065,27,0,1,8
2121,18/08/2008,12971,13270,12934,13165,869,40,194,1103,194,0,1,8
2122,19/08/2008,13016,13016,12782,12865,-203,770,-151,416,-151,0,0,8
2123,20/08/2008,12754,12924,12754,12852,-476,-118,-584,-1178,98,0,0,8
2124,21/08/2008,12885,12885,12724,12752,-485,-425,222,-688,-133,1,0,7
2125,22/08/2008,12727,12733,12632,12666,-459,64,172,-223,-61,1,0,7
2126,25/08/2008,12798,12949,12798,12879,81,-240,81,-78,81,0,0,7
2127,26/08/2008,12711,12801,12656,12779,130,138,143,411,68,0,1,6
2128,27/08/2008,12734,12784,12682,12753,-193,381,-219,-31,19,0,0,6
2129,28/08/2008,12828,12847,12719,12768,-414,-764,-215,-1393,-60,1,0,5
2130,29/08/2008,12925,13079,12918,13073,-331,152,224,45,148,0,1,6
2131,01/09/2008,12937,12941,12834,12834,-103,-203,-103,-409,-103,1,0,6
2132,02/09/2008,12780,12921,12491,12609,-339,153,-218,-404,-171,1,0,6
2133,03/09/2008,12703,12768,12647,12690,353,305,119,777,-13,0,0,7
2134,04/09/2008,12628,12661,12514,12558,-3,358,57,412,-70,0,0,7
2135,05/09/2008,12386,12386,12163,12212,-86,84,-105,-107,-174,1,0,6
2136,08/09/2008,12360,12672,12352,12624,312,578,312,1202,264,0,1,6
2137,09/09/2008,12530,12530,12336,12401,-28,-87,-154,-269,-129,1,0,7
2138,10/09/2008,12249,12405,12160,12347,21,-422,-511,-912,98,0,0,7
2139,11/09/2008,12238,12259,12082,12102,-242,420,-357,-179,-136,1,0,7
2140,12/09/2008,12257,12278,12059,12215,530,-94,397,833,-42,0,0,7
2141,16/09/2008,12028,12028,11551,11610,-518,-73,-361,-952,-418,1,0,6
2142,17/09/2008,11738,11880,11709,11750,433,-398,49,84,12,0,1,6
2143,18/09/2008,11577,11578,11301,11489,203,175,203,581,-88,0,0,6
2144,19/09/2008,11632,11921,11615,11921,289,505,289,1083,289,0,1,6
2145,22/09/2008,12038,12264,12038,12091,-30,194,-464,-300,53,0,0,7
2146,24/09/2008,12032,12115,11905,12115,83,-246,48,-115,83,0,0,6
2147,25/09/2008,11926,12025,11835,12007,-37,310,162,435,81,0,1,5
2148,26/09/2008,12026,12083,11789,11893,-103,-239,48,-294,-133,1,0,5
2149,29/09/2008,11883,12063,11721,11744,-319,177,-36,-178,-139,1,0,6
2150,30/09/2008,11566,11566,11161,11260,41,-538,-610,-1107,-306,1,0,6
2151,01/10/2008,11397,11457,11314,11368,-29,-177,-29,-235,-29,1,0,7
2152,02/10/2008,11423,11452,11144,11155,-85,47,-385,-423,-268,1,0,7
2153,03/10/2008,11052,11100,10938,10938,-531,136,-248,-643,-114,1,0,7
2154,06/10/2008,10817,10840,10374,10473,-326,125,-344,-545,-344,1,0,8
2155,07/10/2008,10329,10363,9916,10156,-173,-252,-173,-598,-173,1,0,8
2156,08/10/2008,10012,10012,9160,9203,-809,-809,-809,-2427,-809,1,0,9
2157,09/10/2008,9168,9443,9101,9157,-11,-11,-11,-33,-11,1,0,10
2158,10/10/2008,9016,9016,8115,8276,-740,-740,-740,-2220,-740,1,0,10
2159,14/10/2008,8408,9456,8408,9448,1040,1040,1040,3120,1040,0,1,10
2160,15/10/2008,9390,9601,9269,9547,157,157,157,471,157,0,1,10
2161,16/10/2008,9401,9401,8458,8458,-1148,-943,-1300,-3391,-943,1,0,10
2162,17/10/2008,8580,8764,8540,8694,114,114,114,342,114,0,1,10
2163,20/10/2008,8775,9038,8688,9006,249,231,231,711,231,0,1,10
2164,21/10/2008,9139,9359,9135,9306,167,-104,118,181,167,0,1,10
2165,22/10/2008,9198,9198,8675,8675,-605,-442,-579,-1626,-523,1,0,10
2166,23/10/2008,8548,8548,8017,8461,-95,-87,88,-94,-87,1,0,10
2167,24/10/2008,8391,8391,7647,7649,-623,-742,-842,-2207,-742,1,0,10
2168,27/10/2008,7568,7879,7141,7163,-405,149,-405,-661,-405,1,0,10
2169,28/10/2008,7143,7626,6995,7622,479,479,479,1437,479,0,1,10
2170,29/10/2008,7742,8212,7742,8212,470,470,470,1410,470,0,1,10
2171,30/10/2008,8270,9031,8270,9030,1827,820,776,3423,760,0,1,10
2172,31/10/2008,8958,9012,8577,8577,-381,-381,-381,-1143,-381,1,0,10
2173,04/11/2008,8703,9142,8700,9115,707,295,367,1369,412,0,1,10
2174,05/11/2008,9224,9521,9216,9521,297,297,297,891,297,0,1,10
2175,06/11/2008,9374,9380,8807,8899,-475,-475,-475,-1425,-475,1,0,10
2176,07/11/2008,8774,8868,8266,8583,129,-200,-191,-262,-191,1,0,10
2177,10/11/2008,8712,9106,8712,9081,267,438,697,1402,369,0,1,10
2178,11/11/2008,8965,9056,8705,8809,-156,-156,-156,-468,-156,1,0,10
2179,12/11/2008,8695,8782,8574,8696,-119,-58,-88,-265,1,0,0,10
2180,13/11/2008,8564,8564,8148,8239,-413,-197,-273,-883,-325,1,0,9
2181,14/11/2008,8378,8690,8378,8462,84,84,86,254,84,0,1,9
2182,17/11/2008,8367,8768,8219,8523,90,101,310,501,156,0,1,9
2183,18/11/2008,8416,8440,8302,8328,-485,51,-88,-522,-88,1,0,9
2184,19/11/2008,8309,8370,8116,8273,48,-36,-2,10,-36,0,0,9
2185,20/11/2008,8150,8150,7703,7703,-447,-425,-447,-1319,-447,1,0,8
2186,21/11/2008,7600,7995,7406,7911,311,311,311,933,311,0,1,8
2187,25/11/2008,8026,8357,8026,8324,589,298,298,1185,298,0,1,8
2188,26/11/2008,8230,8318,8150,8213,-248,-25,155,-118,-17,1,0,8
2189,27/11/2008,8311,8459,8300,8373,-16,-348,-54,-418,62,0,0,8
2190,28/11/2008,8400,8518,8337,8512,461,-23,175,613,112,0,1,8
2191,01/12/2008,8464,8464,8307,8397,-59,-184,-201,-444,-67,1,0,8
2192,02/12/2008,8266,8266,7864,7864,-5,448,-110,333,-402,0,0,8
2193,03/12/2008,7965,8056,7890,8004,-231,39,39,-153,39,0,0,7
2194,04/12/2008,8030,8108,7850,7924,-89,-266,-84,-439,-106,1,0,6
2195,05/12/2008,7975,8024,7909,7918,-257,-57,-73,-387,-57,1,0,7
2196,08/12/2008,7971,8358,7959,8329,409,358,281,1048,358,0,1,7
2197,09/12/2008,8362,8500,8315,8396,-73,-164,697,460,34,0,1,7
2198,10/12/2008,8376,8705,8376,8660,1143,147,-114,1176,284,0,1,7
2199,11/12/2008,8642,8721,8519,8721,79,76,79,234,79,0,1,7
2200,12/12/2008,8599,8611,8088,8236,-976,-363,-363,-1702,-363,1,0,8
2201,15/12/2008,8350,8700,8350,8665,370,205,-102,473,315,0,1,8
2202,16/12/2008,8608,8634,8471,8568,-40,21,-40,-59,-40,1,0,8
2203,17/12/2008,8658,8741,8426,8613,13,-658,-1,-646,-45,1,0,9
2204,18/12/2008,8565,8728,8535,8667,157,-299,-52,-194,102,0,0,10
2205,19/12/2008,8640,8743,8571,8589,117,273,-141,249,-51,0,0,9
2206,22/12/2008,8602,8751,8594,8724,-247,-99,-325,-671,122,0,0,8
2207,24/12/2008,8630,8632,8477,8517,-535,-243,-72,-850,-113,1,0,7
2208,25/12/2008,8532,8600,8531,8600,299,91,119,509,68,0,1,7
2209,26/12/2008,8642,8741,8611,8740,-591,159,43,-389,98,0,0,7
2210,29/12/2008,8726,8764,8639,8747,-378,4,174,-200,21,0,0,6
2211,30/12/2008,8716,8860,8703,8860,189,-17,-59,113,144,0,1,5
2212,05/01/2009,8991,9127,8987,9043,312,-44,334,602,52,0,1,5
2213,06/01/2009,9130,9171,9030,9081,372,271,65,708,-49,0,0,5
2214,07/01/2009,9134,9325,9106,9239,-117,64,-29,-82,105,0,0,4
2215,08/01/2009,9143,9149,8876,8876,-717,-267,-267,-1251,-267,1,0,4
2216,09/01/2009,8933,8957,8773,8837,-213,217,72,76,-96,0,0,5
2217,13/01/2009,8733,8733,8406,8414,-265,-146,-124,-535,-319,1,0,5
2218,14/01/2009,8426,8516,8359,8438,12,12,12,36,12,0,1,5
2219,15/01/2009,8309,8309,7998,8023,-286,-514,-286,-1086,-286,1,0,5
2220,16/01/2009,8125,8284,8067,8230,105,-398,105,-188,105,0,0,6
2221,19/01/2009,8318,8352,8222,8257,-504,44,-109,-569,-61,1,0,6
2222,20/01/2009,8187,8190,7962,8066,-87,-313,-121,-521,-121,1,0,6
2223,21/01/2009,7950,8009,7829,7902,-48,-182,-109,-339,-48,1,0,6
2224,22/01/2009,7988,8052,7810,8052,64,-177,64,-49,64,0,0,7
2225,23/01/2009,7965,7965,7745,7745,38,4,-258,-216,-220,1,0,7
2226,26/01/2009,7714,7807,7671,7682,-32,-745,-32,-809,-32,1,0,7
2227,27/01/2009,7783,8115,7782,8061,278,-231,278,325,278,0,1,8
2228,28/01/2009,8052,8172,7937,8106,89,-119,143,113,54,0,1,8
2229,29/01/2009,8201,8305,8139,8251,-191,24,-109,-276,50,0,0,8
2230,30/01/2009,8143,8143,7922,7994,-149,-333,-41,-523,-149,1,0,7
2231,02/02/2009,7909,7956,7795,7874,733,58,-292,499,-35,0,0,8
2232,03/02/2009,7863,8084,7801,7826,-363,64,175,-124,-37,1,0,7
2233,04/02/2009,7897,8085,7864,8039,140,291,76,507,142,0,1,7
2234,05/02/2009,7986,8094,7901,7950,-3,109,8,114,-36,0,0,7
2235,06/02/2009,8054,8169,8033,8077,31,112,-60,83,23,0,1,7
2236,09/02/2009,8178,8258,7969,7969,-156,284,85,213,-209,0,0,7
2237,10/02/2009,8067,8125,7917,7946,-503,-236,-150,-889,-121,1,0,6
2238,12/02/2009,7843,7863,7686,7705,-20,-59,41,-38,-138,1,0,6
2239,13/02/2009,7789,7888,7730,7779,13,15,-10,18,-10,0,0,6
2240,16/02/2009,7733,7804,7695,7750,-236,131,204,99,17,0,1,6
2241,17/02/2009,7690,7710,7616,7646,173,408,184,765,-44,0,0,6
2242,18/02/2009,7540,7566,7479,7534,5,-161,-42,-198,-6,1,0,6
2243,19/02/2009,7604,7643,7538,7558,-112,-70,-112,-294,-46,1,0,6
2244,20/02/2009,7544,7555,7382,7416,-146,210,-24,40,-128,0,0,6
2245,23/02/2009,7314,7417,7209,7376,257,-996,111,-628,62,0,0,6
2246,24/02/2009,7267,7271,7155,7269,58,-427,114,-255,2,0,0,5
2247,25/02/2009,7368,7471,7330,7461,93,-932,93,-746,93,0,0,5
2248,26/02/2009,7471,7600,7433,7458,135,237,173,545,-13,0,0,4
2249,27/02/2009,7463,7590,7414,7568,496,184,102,782,105,0,1,3
2250,02/03/2009,7454,7454,7235,7280,-107,-540,-130,-777,-174,1,0,4
2251,03/03/2009,7178,7288,7088,7230,123,-140,41,24,52,0,1,4
2252,04/03/2009,7147,7321,7105,7291,353,251,119,723,144,0,1,5
2253,05/03/2009,7336,7533,7336,7433,-250,7,-6,-249,97,0,0,5
2254,06/03/2009,7328,7328,7167,7173,-190,265,-220,-145,-155,1,0,4
2255,09/03/2009,7191,7241,7028,7086,94,170,45,309,-105,0,0,5
2256,10/03/2009,7060,7101,7021,7055,-4,-425,75,-354,-5,1,0,5
2257,11/03/2009,7165,7394,7162,7376,72,-22,211,261,211,0,1,6
2258,12/03/2009,7320,7345,7198,7198,-10,-123,-167,-300,-122,1,0,7
2259,13/03/2009,7301,7571,7301,7569,782,297,187,1266,268,0,1,8
2260,16/03/2009,7630,7755,7630,7704,-68,159,74,165,74,0,1,8
2261,17/03/2009,7767,7967,7724,7949,48,225,182,455,182,0,1,8
2262,18/03/2009,8007,8054,7895,7972,-144,-35,-35,-214,-35,1,0,8
2263,19/03/2009,8018,8034,7902,7946,650,-42,-42,566,-72,0,0,8
2264,23/03/2009,7943,8229,7923,8216,386,408,273,1067,273,0,1,8
2265,24/03/2009,8335,8504,8297,8488,196,83,153,432,153,0,1,8
2266,25/03/2009,8500,8553,8393,8480,-231,-20,-20,-271,-20,1,0,9
2267,26/03/2009,8430,8640,8384,8636,418,206,206,830,206,0,1,9
2268,27/03/2009,8712,8843,8627,8627,-1244,-85,-85,-1414,-85,1,0,9
2269,30/03/2009,8622,8651,8236,8236,-473,-386,-386,-1245,-386,1,0,9
2270,31/03/2009,8199,8384,8088,8110,-591,-58,52,-597,-89,1,0,9
2271,01/04/2009,8173,8352,8085,8352,151,179,377,707,179,0,1,9
2272,02/04/2009,8454,8742,8450,8720,-259,0,-126,-385,266,0,0,9
2273,03/04/2009,8814,8885,8697,8750,33,-64,-64,-95,-64,1,0,8
2274,06/04/2009,8857,8992,8812,8858,-856,81,-15,-790,1,0,0,9
2275,07/04/2009,8839,8884,8779,8833,443,239,239,921,-6,0,0,8
2276,08/04/2009,8747,8766,8557,8595,-262,550,7,295,-152,0,0,7
2277,09/04/2009,8665,8921,8664,8916,131,494,251,876,251,0,1,6
2278,10/04/2009,9041,9069,8857,8964,-831,-352,-491,-1674,-77,1,0,6
2279,13/04/2009,8930,9024,8888,8924,349,182,-24,507,-6,0,0,6
2280,14/04/2009,8956,8962,8750,8843,-462,-370,-929,-1761,-113,1,0,5
2281,15/04/2009,8778,8801,8681,8743,-373,-873,-351,-1597,-35,1,0,5
2282,16/04/2009,8848,9030,8721,8755,-165,-398,-592,-1155,-93,1,0,5
2283,17/04/2009,8854,8953,8835,8908,273,83,-380,-24,54,0,0,6
2284,20/04/2009,8900,8934,8814,8925,14,-115,170,69,25,0,1,5
2285,21/04/2009,8802,8802,8613,8711,183,-90,-408,-315,-91,1,0,6
2286,22/04/2009,8778,8803,8683,8727,-1499,-311,-505,-2315,-51,1,0,7
2287,23/04/2009,8777,8861,8648,8847,-137,12,-379,-504,70,0,0,8
2288,24/04/2009,8832,8853,8695,8708,-288,-303,-63,-654,-124,1,0,7
2289,27/04/2009,8783,8841,8649,8726,265,-82,-126,57,-57,0,0,7
2290,28/04/2009,8678,8809,8494,8494,-324,83,-226,-467,-184,1,0,7
2291,30/04/2009,8615,8845,8615,8828,-2,161,66,225,213,0,1,7
2292,01/05/2009,8849,9017,8827,8977,109,-897,129,-659,128,0,0,7
2293,07/05/2009,9102,9386,9100,9386,610,284,284,1178,284,0,1,6
2294,08/05/2009,9351,9464,9350,9433,-218,82,82,-54,82,0,0,7
2295,11/05/2009,9461,9504,9343,9452,-471,-9,-9,-489,-9,1,0,6
2296,12/05/2009,9358,9390,9299,9299,-99,-23,-123,-245,-59,1,0,6
2297,13/05/2009,9306,9379,9279,9340,285,100,-84,301,34,0,1,6
2298,14/05/2009,9212,9224,9052,9094,-622,-201,-84,-907,-118,1,0,7
2299,15/05/2009,9150,9272,9141,9265,166,140,185,491,115,0,1,7
2300,18/05/2009,9167,9168,8998,9039,-127,347,-128,92,-128,0,0,8
2301,19/05/2009,9173,9327,9167,9290,402,117,84,603,117,0,1,7
2302,20/05/2009,9373,9399,9312,9345,4,19,-145,-122,-28,1,0,7
2303,21/05/2009,9280,9286,9190,9264,-37,-16,73,20,-16,0,0,8
2304,22/05/2009,9156,9268,9127,9226,-15,-25,185,145,70,0,1,7
2305,25/05/2009,9246,9403,9246,9347,91,560,271,922,101,0,1,8
2306,26/05/2009,9364,9380,9232,9311,-353,165,-211,-399,-53,1,0,8
2307,27/05/2009,9427,9491,9412,9439,-279,-116,73,-322,12,0,0,8
2308,28/05/2009,9353,9493,9353,9451,62,334,89,485,98,0,1,7
2309,29/05/2009,9478,9522,9427,9522,-134,-117,-26,-277,44,0,0,7
2310,01/06/2009,9517,9692,9491,9678,499,194,572,1265,161,0,1,6
2311,02/06/2009,9775,9793,9704,9704,-661,-379,-338,-1378,-71,1,0,7
2312,03/06/2009,9724,9775,9719,9742,-311,-201,-89,-601,18,0,0,7
2313,04/06/2009,9691,9743,9654,9669,-322,-201,-89,-612,-22,1,0,6
2314,05/06/2009,9753,9775,9719,9768,55,-268,-17,-230,15,0,0,7
2315,08/06/2009,9829,9914,9816,9866,191,100,-111,180,37,0,1,6
2316,09/06/2009,9824,9856,9756,9787,-396,-114,-152,-662,-37,1,0,6
2317,10/06/2009,9834,9991,9814,9991,-1448,-165,188,-1425,157,0,0,6
2318,11/06/2009,9993,10022,9959,9981,-204,-55,193,-66,-12,1,0,6
2319,12/06/2009,10088,10171,10051,10136,-225,-299,-82,-606,48,0,0,6
2320,15/06/2009,10127,10127,10030,10040,-1094,-329,-448,-1871,-87,1,0,6
2321,16/06/2009,9914,9942,9753,9753,-264,-276,-95,-635,-161,1,0,6
2322,17/06/2009,9706,9846,9706,9841,132,425,171,728,135,0,1,6
2323,18/06/2009,9778,9778,9650,9704,-5,-521,4,-522,-74,1,0,7
2324,19/06/2009,9758,9823,9704,9786,397,54,28,479,28,0,1,7
2325,22/06/2009,9788,9887,9763,9826,-548,474,-110,-184,38,0,0,8
2326,23/06/2009,9696,9712,9511,9550,-263,-187,-330,-780,-146,1,0,7
2327,24/06/2009,9597,9624,9534,9590,284,433,-7,710,-7,0,0,7
2328,25/06/2009,9628,9871,9619,9796,146,14,128,288,168,0,1,7
2329,26/06/2009,9853,9893,9794,9877,457,696,429,1582,24,0,1,7
2330,29/06/2009,9866,9944,9749,9783,-216,152,-54,-118,-83,1,0,8
2331,30/06/2009,9897,10000,9895,9958,61,261,277,599,61,0,1,8
2332,01/07/2009,9889,10086,9874,9940,-11,2,51,42,51,0,1,8
2333,02/07/2009,9994,9994,9870,9876,-134,-245,161,-218,-118,1,0,8
2334,03/07/2009,9752,9816,9691,9816,114,-2,-18,94,64,0,1,8
2335,06/07/2009,9738,9772,9651,9681,-347,-232,168,-411,-57,1,0,8
2336,07/07/2009,9714,9734,9620,9648,384,-66,5,323,-66,0,0,9
2337,08/07/2009,9549,9557,9408,9421,-121,-142,-337,-600,-128,1,0,8
2338,09/07/2009,9342,9384,9291,9291,101,-104,-131,-134,-51,1,0,9
2339,10/07/2009,9339,9370,9265,9287,148,-852,-52,-756,-52,1,0,9
2340,13/07/2009,9242,9344,9050,9050,-170,-1200,-109,-1479,-192,1,0,9
2341,14/07/2009,9173,9284,9167,9262,15,257,-268,4,89,0,1,9
2342,15/07/2009,9307,9334,9251,9269,38,-226,-267,-455,-38,1,0,9
2343,16/07/2009,9394,9490,9317,9344,-35,-615,-50,-700,-50,1,0,9
2344,17/07/2009,9414,9421,9361,9395,1,-205,-26,-230,-19,1,0,9
2345,21/07/2009,9513,9652,9509,9652,645,260,435,1340,139,0,1,9
2346,22/07/2009,9643,9751,9609,9723,80,65,80,225,80,0,1,9
2347,23/07/2009,9712,9861,9704,9793,53,101,-150,4,81,0,1,10
2348,24/07/2009,9909,9950,9864,9945,36,152,36,224,36,0,1,10
2349,27/07/2009,10021,10180,10015,10089,63,-80,63,46,68,0,1,10
2350,28/07/2009,10117,10117,10050,10087,112,-161,-161,-210,-30,1,0,10
2351,29/07/2009,10036,10162,10036,10113,-19,205,77,263,77,0,1,10
2352,30/07/2009,10156,10170,10068,10165,108,-24,-24,60,9,0,1,10
2353,31/07/2009,10275,10359,10260,10357,424,111,115,650,82,0,1,10
2354,03/08/2009,10355,10381,10322,10352,-717,76,-3,-644,-3,1,0,10
2355,04/08/2009,10438,10479,10358,10375,-118,-157,-72,-347,-63,1,0,10
2356,05/08/2009,10405,10406,10253,10253,-311,-66,-218,-595,-152,1,0,10
2357,06/08/2009,10266,10426,10266,10388,325,159,-102,382,122,0,1,10
2358,07/08/2009,10366,10412,10249,10412,592,404,24,1020,46,0,1,10
2359,10/08/2009,10531,10585,10488,10524,-422,-117,12,-527,-7,1,0,10
2360,11/08/2009,10515,10587,10512,10585,-695,-468,-828,-1991,70,0,0,10
2361,12/08/2009,10486,10526,10434,10435,-662,-142,10,-794,-51,1,0,9
2362,13/08/2009,10508,10556,10489,10517,-339,-914,-59,-1312,9,0,0,9
2363,14/08/2009,10551,10630,10539,10597,207,47,176,430,46,0,1,8
2364,17/08/2009,10521,10521,10269,10269,-422,314,-345,-453,-252,1,0,8
2365,18/08/2009,10208,10325,10181,10285,77,149,77,303,77,0,1,8
2366,19/08/2009,10270,10327,10195,10204,-146,123,-66,-89,-66,1,0,8
2367,20/08/2009,10255,10407,10204,10383,280,676,401,1357,128,0,1,8
2368,21/08/2009,10375,10375,10142,10238,-110,140,18,48,-137,0,0,8
2369,24/08/2009,10390,10591,10389,10581,393,521,100,1014,191,0,1,7
2370,25/08/2009,10516,10566,10470,10497,-19,-402,-314,-735,-19,1,0,7
2371,26/08/2009,10554,10669,10527,10640,-22,47,89,114,86,0,1,8
2372,27/08/2009,10571,10576,10401,10474,-356,-426,-229,-1011,-97,1,0,8
2373,28/08/2009,10547,10560,10472,10534,-219,-581,-161,-961,-13,1,0,9
2374,31/08/2009,10608,10767,10424,10493,-100,-331,-115,-546,-115,1,0,9
2375,01/09/2009,10453,10577,10439,10530,-130,38,73,-19,77,0,0,9
2376,02/09/2009,10378,10378,10216,10280,-291,-100,-137,-528,-98,1,0,8
2377,03/09/2009,10240,10291,10185,10215,15,-25,-44,-54,-25,1,0,8
2378,04/09/2009,10256,10256,10143,10187,-78,-56,37,-97,-69,1,0,8
2379,07/09/2009,10289,10326,10274,10321,109,-344,146,-89,32,0,0,9
2380,08/09/2009,10354,10393,10300,10393,-79,473,-104,290,39,0,1,8
2381,09/09/2009,10344,10390,10249,10312,439,329,146,914,-32,0,0,8
2382,10/09/2009,10385,10521,10383,10514,22,-205,73,-110,129,0,0,7
2383,11/09/2009,10519,10522,10408,10444,162,-137,-68,-43,-75,1,0,6
2384,14/09/2009,10388,10388,10171,10202,-186,-276,-34,-496,-186,1,0,6
2385,15/09/2009,10256,10292,10183,10218,-83,-538,-12,-633,-38,1,0,6
2386,16/09/2009,10289,10395,10247,10271,-199,-6,-70,-275,-18,1,0,7
2387,17/09/2009,10373,10444,10340,10444,177,-334,-441,-598,71,0,0,7
2388,18/09/2009,10379,10399,10292,10371,-37,-3,54,14,-8,0,0,6
2389,24/09/2009,10406,10567,10387,10544,-203,-13,391,175,138,0,1,5
2390,25/09/2009,10395,10395,10229,10266,-498,-209,-220,-927,-129,1,0,6
2391,28/09/2009,10136,10152,9971,10010,582,-415,-86,81,-126,0,0,6
2392,29/09/2009,10089,10126,10060,10100,17,-408,398,7,11,0,1,6
2393,30/09/2009,10105,10138,10064,10133,-195,-89,28,-256,28,0,0,7
2394,01/10/2009,10073,10077,9965,9979,100,-610,-94,-604,-94,1,0,6
2395,02/10/2009,9848,9852,9714,9732,-174,-441,-116,-731,-116,1,0,6
2396,05/10/2009,9733,9752,9669,9674,-59,-944,-316,-1319,-59,1,0,6
2397,06/10/2009,9744,9744,9629,9692,157,-745,-52,-640,-52,1,0,6
2398,07/10/2009,9750,9822,9736,9800,4,133,70,207,50,0,1,7
2399,08/10/2009,9806,9863,9746,9832,26,-786,102,-658,26,0,0,8
2400,09/10/2009,9894,10016,9857,10016,127,-68,-70,-11,122,0,0,7
2401,13/10/2009,10067,10117,10040,10077,-38,-79,2,-115,10,0,0,6
2402,14/10/2009,10096,10096,10016,10060,56,-16,-220,-180,-36,1,0,6
2403,15/10/2009,10195,10273,10185,10239,-30,-184,161,-53,44,0,0,6
2404,16/10/2009,10276,10290,10216,10258,-18,117,-55,44,-18,0,0,6
2405,19/10/2009,10179,10264,10125,10237,58,-61,-55,-58,58,0,0,5
2406,20/10/2009,10329,10358,10308,10337,-59,148,-94,-5,8,0,0,4
2407,21/10/2009,10292,10350,10292,10333,37,390,91,518,41,0,1,3
2408,22/10/2009,10251,10275,10160,10267,2,16,302,320,16,0,1,3
2409,23/10/2009,10335,10364,10272,10283,-338,-499,34,-803,-52,1,0,3
2410,26/10/2009,10272,10398,10251,10363,-335,-32,-28,-395,91,0,0,4
2411,27/10/2009,10283,10291,10202,10212,-1,38,-579,-542,-71,1,0,4
2412,28/10/2009,10182,10209,10060,10075,-69,-1,-480,-550,-107,1,0,5
2413,29/10/2009,9942,9945,9850,9891,-77,181,78,182,-51,0,0,5
2414,30/10/2009,10007,10050,9984,10035,-122,-302,-327,-751,28,0,0,5
2415,02/11/2009,9904,9905,9736,9803,18,-92,-33,-107,-101,1,0,5
2416,04/11/2009,9785,9845,9768,9844,-73,125,-14,38,59,0,1,6
2417,05/11/2009,9804,9826,9692,9717,-178,65,-294,-407,-87,1,0,7
2418,06/11/2009,9813,9850,9767,9789,21,-93,87,15,-24,0,0,7
2419,09/11/2009,9778,9846,9732,9809,-68,681,-129,484,31,0,1,6
2420,10/11/2009,9905,9979,9857,9871,-287,-897,-200,-1384,-34,1,0,6
2421,11/11/2009,9890,9950,9850,9872,563,785,-441,907,-18,0,0,7
2422,12/11/2009,9921,9944,9788,9804,142,96,72,310,-117,0,0,6
2423,13/11/2009,9793,9805,9719,9770,-26,-260,-441,-727,-23,1,0,5
2424,16/11/2009,9784,9803,9726,9791,-205,-149,73,-281,7,0,0,6
2425,17/11/2009,9835,9848,9715,9730,-159,-208,146,-221,-105,1,0,6
2426,18/11/2009,9723,9789,9632,9677,53,-138,-167,-252,-46,1,0,6
2427,19/11/2009,9692,9692,9496,9549,384,-225,-240,-81,-143,1,0,6
2428,20/11/2009,9460,9514,9424,9498,0,-129,-153,-282,38,0,0,6
2429,24/11/2009,9511,9511,9398,9402,-65,-425,-760,-1250,-109,1,0,6
2430,25/11/2009,9382,9454,9366,9442,-224,-616,-233,-1073,60,0,0,6
2431,26/11/2009,9355,9457,9325,9383,132,681,253,1066,28,0,1,5
2432,27/11/2009,9257,9257,9076,9082,5,-161,-42,-198,-175,1,0,6
2433,30/11/2009,9189,9354,9162,9346,-505,-693,237,-961,157,0,0,7
2434,01/12/2009,9282,9572,9233,9572,67,290,176,533,290,0,1,6
2435,02/12/2009,9552,9643,9514,9609,35,245,57,337,57,0,1,7
2436,03/12/2009,9707,9978,9707,9978,271,-85,635,821,271,0,1,7
2437,04/12/2009,10019,10023,9903,10023,-146,4,4,-138,4,0,0,7
2438,07/12/2009,10132,10205,10106,10168,-160,-23,-123,-306,36,0,0,6
2439,08/12/2009,10080,10149,10080,10140,-58,-57,60,-55,60,0,0,6
2440,09/12/2009,10049,10049,9986,10005,-504,-78,-44,-626,-44,1,0,5
2441,10/12/2009,9964,10036,9834,9863,-109,-80,-101,-290,-101,1,0,6
2442,11/12/2009,9958,10108,9916,10108,365,55,148,568,150,0,1,6
2443,14/12/2009,10127,10127,10010,10106,-21,138,-21,96,-21,0,0,6
2444,15/12/2009,10053,10112,10034,10083,-55,-172,61,-166,30,0,0,6
2445,16/12/2009,10179,10222,10117,10177,188,-162,177,203,-2,0,0,5
2446,17/12/2009,10200,10260,10164,10164,64,21,67,152,-36,0,0,4
2447,18/12/2009,10111,10157,10028,10142,-70,-1,119,48,31,0,1,3
2448,21/12/2009,10197,10215,10183,10183,76,0,62,138,-14,0,0,4
2449,22/12/2009,10256,10378,10235,10378,200,270,391,861,122,0,1,4
2450,24/12/2009,10413,10558,10413,10537,118,84,45,247,124,0,1,5
2451,25/12/2009,10547,10547,10477,10495,509,-325,232,416,-52,0,0,5
2452,28/12/2009,10522,10653,10514,10634,160,493,204,857,112,0,1,4
2453,29/12/2009,10612,10683,10597,10638,-339,-365,-47,-751,26,0,0,4
2454,30/12/2009,10708,10708,10546,10546,-819,-275,-234,-1328,-162,1,0,4
2455,04/01/2010,10609,10694,10608,10655,316,340,504,1160,46,0,1,5
2456,05/01/2010,10719,10791,10656,10682,-65,-451,-187,-703,-37,1,0,6
2457,06/01/2010,10710,10769,10661,10731,592,95,303,990,21,0,1,7
2458,07/01/2010,10743,10774,10637,10682,609,-61,105,653,-61,0,0,7
2459,08/01/2010,10743,10816,10678,10798,27,-178,184,33,55,0,1,7
2460,12/01/2010,10770,10905,10764,10879,-262,-117,23,-356,109,0,0,7
2461,13/01/2010,10795,10867,10730,10735,191,487,376,1054,-60,0,0,6
2462,14/01/2010,10778,10910,10774,10908,173,432,237,842,130,0,1,6
2463,15/01/2010,10917,10982,10879,10982,609,465,204,1278,65,0,1,6
2464,18/01/2010,10888,10895,10781,10855,-603,-441,-929,-1973,-33,1,0,7
2465,19/01/2010,10867,10867,10749,10765,127,-872,-208,-953,-102,1,0,7
2466,20/01/2010,10835,10861,10725,10738,103,-236,18,-115,-97,1,0,7
2467,21/01/2010,10705,10887,10650,10868,-144,281,-184,-47,163,0,0,7
2468,22/01/2010,10740,10768,10528,10591,-2,-504,-344,-850,-149,1,0,6
2469,25/01/2010,10478,10558,10415,10513,-10,512,35,537,35,0,1,7
2470,26/01/2010,10506,10566,10325,10325,-268,-232,-345,-845,-181,1,0,7
2471,27/01/2010,10344,10374,10252,10252,-164,-138,-184,-486,-92,1,0,8
2472,28/01/2010,10310,10463,10297,10414,352,-31,104,425,104,0,1,9
2473,29/01/2010,10308,10324,10198,10198,-465,635,-187,-17,-110,1,0,9
2474,01/02/2010,10212,10225,10130,10205,73,-265,121,-71,-7,1,0,9
2475,02/02/2010,10311,10396,10288,10371,60,-403,39,-304,60,0,0,9
2476,03/02/2010,10428,10437,10356,10404,-24,64,-163,-123,-24,1,0,8
2477,04/02/2010,10435,10438,10280,10356,-307,-91,-184,-582,-79,1,0,8
2478,05/02/2010,10162,10166,10036,10057,-167,83,-103,-187,-105,1,0,9
2479,08/02/2010,10007,10064,9942,9952,133,86,124,343,-55,0,0,9
2480,09/02/2010,9877,9957,9867,9933,58,-511,-418,-871,56,0,0,8
2481,10/02/2010,10024,10050,9964,9964,11,124,200,335,-60,0,0,7
2482,12/02/2010,10085,10099,10014,10092,486,536,-153,869,7,0,1,6
2483,15/02/2010,10098,10119,10013,10013,12,-26,17,3,-85,0,0,6
2484,16/02/2010,10045,10062,10019,10034,-346,-867,749,-464,-11,1,0,5
2485,17/02/2010,10162,10307,10150,10307,94,152,76,322,145,0,1,5
2486,18/02/2010,10325,10340,10285,10336,-88,-74,174,12,11,0,1,6
2487,19/02/2010,10334,10354,10124,10124,-92,-541,38,-595,-210,1,0,6
2488,22/02/2010,10302,10450,10298,10400,700,-27,48,721,98,0,1,6
2489,23/02/2010,10328,10376,10280,10352,380,24,63,467,24,0,1,6
2490,24/02/2010,10205,10243,10130,10199,676,-10,175,841,-6,0,0,7
2491,25/02/2010,10256,10267,10087,10102,59,-121,-96,-158,-154,1,0,7
2492,26/02/2010,10107,10171,10085,10126,196,228,173,597,19,0,1,8
2493,01/03/2010,10129,10215,10117,10172,-371,184,8,-179,43,0,0,8
2494,02/03/2010,10199,10239,10150,10222,-137,-301,23,-415,23,0,0,8
2495,03/03/2010,10194,10274,10187,10253,26,213,-3,236,59,0,1,7
2496,04/03/2010,10256,10263,10134,10146,-281,-223,-194,-698,-110,1,0,7
2497,05/03/2010,10255,10376,10255,10369,-234,298,18,82,114,0,1,7
2498,08/03/2010,10538,10587,10514,10586,17,336,48,401,48,0,1,7
2499,09/03/2010,10567,10593,10543,10568,372,239,239,850,1,0,1,7
2500,10/03/2010,10556,10589,10547,10564,594,-108,138,624,8,0,1,7
2501,11/03/2010,10628,10665,10589,10665,-19,110,204,295,37,0,1,8
2502,12/03/2010,10777,10777,10699,10751,-732,-307,-266,-1305,-26,1,0,8
2503,15/03/2010,10802,10809,10709,10752,-265,-303,-442,-1010,-50,1,0,8
2504,16/03/2010,10719,10777,10716,10722,318,68,-18,368,3,0,1,9
2505,17/03/2010,10789,10864,10762,10847,528,461,301,1290,58,0,1,10
2506,18/03/2010,10842,10846,10732,10744,-324,155,245,76,-98,0,0,10
2507,19/03/2010,10786,10827,10776,10825,255,110,73,438,39,0,1,9
2508,23/03/2010,10793,10818,10767,10774,-308,-165,-890,-1363,-19,1,0,9
2509,24/03/2010,10829,10881,10769,10815,-130,-67,278,81,-14,0,0,9
2510,25/03/2010,10858,10872,10809,10829,-556,204,-37,-389,-29,1,0,8
2511,26/03/2010,10895,11002,10889,10996,-148,-141,215,-74,101,0,0,8
2512,29/03/2010,10910,10991,10901,10986,477,746,99,1322,76,0,1,7
2513,30/03/2010,11022,11109,11003,11097,316,340,504,1160,75,0,1,7
2514,31/03/2010,11139,11148,11086,11090,-662,-658,-281,-1601,-49,1,0,7
2515,01/04/2010,11179,11273,11118,11244,515,125,-76,564,65,0,1,7
2516,02/04/2010,11274,11314,11236,11286,-1094,-329,-448,-1871,12,0,0,7
2517,05/04/2010,11381,11408,11307,11339,-820,-379,-338,-1537,-42,1,0,7
2518,06/04/2010,11351,11358,11217,11282,-790,-373,-332,-1495,-69,1,0,7
2519,07/04/2010,11296,11351,11260,11293,657,438,-76,1019,-3,0,0,7
2520,08/04/2010,11180,11232,11159,11168,-31,-70,159,58,-12,0,0,7
2521,09/04/2010,11175,11205,11149,11204,166,347,-176,337,29,0,1,6
2522,12/04/2010,11301,11352,11249,11252,-172,-48,-274,-494,-49,1,0,7
2523,13/04/2010,11203,11213,11088,11161,-116,246,-74,56,-42,0,0,7
2524,14/04/2010,11213,11270,11161,11205,-76,29,34,-13,-8,1,0,6
2525,15/04/2010,11310,11317,11256,11274,23,140,-6,157,-36,0,0,6
2526,16/04/2010,11231,11231,11085,11102,-296,-194,-179,-669,-129,1,0,5
2527,19/04/2010,10930,10954,10879,10909,195,-374,-764,-943,-21,1,0,6
2528,20/04/2010,10960,11000,10891,10901,-19,17,38,36,-59,0,0,6
2529,21/04/2010,11032,11093,11024,11090,43,230,294,567,58,0,1,5
2530,22/04/2010,10988,10990,10866,10949,-533,106,-201,-628,-39,1,0,6
2531,23/04/2010,10931,10967,10866,10914,-384,339,-17,-62,-17,1,0,7
2532,26/04/2010,11040,11166,11036,11166,-220,-23,-94,-337,126,0,0,7
2533,27/04/2010,11109,11213,11109,11213,80,70,-10,140,104,0,1,6
2534,28/04/2010,11006,11009,10882,10925,216,-144,-110,-38,-81,1,0,7
2535,30/04/2010,11062,11093,11035,11057,27,291,343,661,-5,0,0,7
2536,06/05/2010,10848,10848,10683,10696,-378,305,-222,-295,-152,1,0,7
2537,07/05/2010,10473,10473,10257,10365,-174,-424,-116,-714,-108,1,0,7
2538,10/05/2010,10399,10541,10362,10531,415,109,132,656,132,0,1,7
2539,11/05/2010,10643,10643,10392,10411,-344,-234,-131,-709,-232,1,0,8
2540,12/05/2010,10465,10502,10345,10394,-305,-71,-679,-1055,-71,1,0,8
2541,13/05/2010,10543,10638,10536,10621,56,81,81,218,78,0,1,8
2542,14/05/2010,10453,10552,10391,10463,-178,1043,-427,438,10,0,1,8
2543,17/05/2010,10329,10332,10158,10236,-509,-93,-369,-971,-93,1,0,9
2544,18/05/2010,10313,10337,10198,10243,60,-26,-70,-36,-70,1,0,9
2545,19/05/2010,10087,10187,10042,10187,545,5,-451,99,100,0,1,9
2546,20/05/2010,10122,10162,10000,10030,13,-238,52,-173,-92,1,0,10
2547,21/05/2010,9824,9829,9697,9785,-29,-408,-29,-466,-39,1,0,10
2548,24/05/2010,9755,9793,9693,9758,20,606,20,646,3,0,1,10
2549,25/05/2010,9632,9643,9432,9460,-172,-912,-172,-1256,-172,1,0,10
2550,26/05/2010,9567,9622,9477,9523,-44,-1432,-44,-1520,-44,1,0,10
2551,27/05/2010,9419,9642,9395,9640,221,443,221,885,221,0,1,10
2552,28/05/2010,9806,9825,9699,9763,330,-43,114,401,-43,0,0,10
2553,31/05/2010,9735,9832,9728,9769,216,-164,-84,-32,34,0,0,9
2554,01/06/2010,9747,9747,9658,9712,-551,107,-35,-479,-35,1,0,8
2555,02/06/2010,9604,9763,9560,9603,-528,-178,-160,-866,-1,1,0,8
2556,03/06/2010,9759,9920,9759,9914,713,211,155,1079,155,0,1,8
2557,04/06/2010,9909,9962,9868,9901,-451,-23,-22,-496,-8,1,0,8
2558,07/06/2010,9705,9714,9503,9521,-301,121,100,-80,-184,1,0,8
2559,08/06/2010,9449,9588,9435,9538,170,202,-236,136,89,0,1,8
2560,09/06/2010,9476,9488,9378,9439,-266,-142,-362,-770,-37,1,0,8
2561,10/06/2010,9477,9544,9437,9543,-485,-206,222,-469,66,0,0,8
2562,11/06/2010,9701,9765,9674,9705,-428,-222,4,-646,4,0,0,7
2563,14/06/2010,9825,9882,9820,9880,618,-230,-12,376,55,0,1,7
2564,15/06/2010,9846,9912,9826,9888,45,-299,391,137,42,0,1,8
2565,16/06/2010,10043,10110,10033,10067,676,-51,66,691,24,0,1,8
2566,17/06/2010,10009,10053,9989,9999,-334,51,63,-220,-10,1,0,8
2567,18/06/2010,10028,10029,9965,9995,678,-85,-126,467,-33,0,0,8
2568,21/06/2010,10109,10252,10109,10238,-38,318,129,409,129,0,1,7
2569,22/06/2010,10132,10184,10105,10113,-445,-243,-19,-707,-19,1,0,7
2570,23/06/2010,9973,9975,9913,9924,-280,-156,-49,-485,-49,1,0,7
2571,24/06/2010,9903,10009,9894,9928,-462,-15,-255,-732,25,0,0,7
2572,25/06/2010,9779,9795,9698,9737,32,37,41,110,-42,0,0,7
2573,28/06/2010,9759,9762,9679,9694,143,-154,-75,-86,-65,1,0,7
2574,29/06/2010,9718,9760,9549,9571,-292,-147,66,-373,-147,1,0,7
2575,30/06/2010,9396,9420,9347,9383,-13,-108,-13,-134,-13,1,0,7
2576,01/07/2010,9297,9297,9148,9192,-190,-29,-105,-324,-105,1,0,7
2577,02/07/2010,9235,9259,9160,9204,-31,-13,-31,-75,-31,1,0,7
2578,05/07/2010,9230,9283,9214,9267,37,-48,37,26,37,0,1,8
2579,06/07/2010,9158,9351,9092,9338,180,-104,180,256,180,0,1,8
2580,07/07/2010,9323,9330,9224,9280,-242,127,-261,-376,-43,1,0,8
2581,08/07/2010,9463,9546,9456,9536,439,155,30,624,73,0,1,8
2582,09/07/2010,9602,9611,9517,9585,-298,-167,-17,-482,-17,1,0,9
2583,12/07/2010,9540,9633,9534,9548,179,-442,8,-255,8,0,0,10
2584,13/07/2010,9593,9630,9502,9537,-9,102,-205,-112,-56,1,0,9
2585,14/07/2010,9708,9807,9693,9795,267,617,167,1051,87,0,1,9
2586,15/07/2010,9701,9727,9667,9686,-592,-15,-15,-622,-15,1,0,9
2587,16/07/2010,9601,9637,9392,9408,-129,-85,70,-144,-193,1,0,9
2588,20/07/2010,9267,9379,9248,9300,243,514,431,1188,33,0,1,9
2589,21/07/2010,9404,9404,9231,9279,-274,-125,-433,-832,-125,1,0,9
2590,22/07/2010,9216,9254,9176,9221,-75,5,-157,-227,5,0,0,9
2591,23/07/2010,9380,9474,9367,9431,768,-42,558,1284,51,0,1,8
2592,26/07/2010,9521,9562,9494,9504,-551,-1,51,-501,-17,1,0,8
2593,27/07/2010,9513,9542,9488,9497,68,-5,104,167,-16,0,0,8
2594,28/07/2010,9614,9760,9614,9753,-383,61,119,-203,139,0,0,8
2595,29/07/2010,9654,9733,9649,9696,42,287,296,625,42,0,1,7
2596,30/07/2010,9659,9659,9506,9537,-122,111,-185,-196,-122,1,0,7
2597,02/08/2010,9575,9676,9549,9570,-5,-115,-182,-302,-5,1,0,7
2598,03/08/2010,9717,9751,9633,9694,106,168,183,457,-23,0,0,7
2599,04/08/2010,9607,9613,9475,9489,-230,-98,-77,-405,-118,1,0,6
2600,05/08/2010,9640,9689,9578,9654,170,14,-74,110,14,0,1,6
2601,06/08/2010,9561,9658,9545,9642,-31,-80,-12,-123,81,0,0,7
2602,09/08/2010,9536,9573,9524,9572,156,19,-32,143,36,0,1,6
2603,10/08/2010,9630,9667,9505,9551,43,-399,-123,-479,-79,1,0,6
2604,11/08/2010,9423,9445,9284,9293,-186,-232,24,-394,-130,1,0,7
2605,12/08/2010,9125,9213,9066,9213,48,51,316,415,88,0,1,8
2606,13/08/2010,9215,9278,9163,9253,-799,-75,183,-691,38,0,0,8
2607,16/08/2010,9145,9211,9096,9197,150,-176,178,152,52,0,1,7
2608,17/08/2010,9090,9188,9084,9162,-58,-537,72,-523,72,0,0,7
2609,18/08/2010,9262,9281,9153,9241,-99,-206,-92,-397,-21,1,0,7
2610,19/08/2010,9243,9363,9243,9363,167,266,-336,97,120,0,1,7
2611,20/08/2010,9239,9288,9169,9179,-155,-50,-144,-349,-60,1,0,7
2612,23/08/2010,9147,9171,9091,9117,27,-334,49,-258,-30,1,0,8
2613,24/08/2010,9025,9069,8984,8995,-286,102,-145,-329,-30,1,0,8
2614,25/08/2010,8904,8949,8807,8845,-103,-72,73,-102,-59,1,0,8
2615,26/08/2010,8908,8911,8834,8906,-799,-601,183,-1217,-2,1,0,8
2616,27/08/2010,8811,9022,8810,8991,47,536,294,877,180,0,1,8
2617,30/08/2010,9141,9281,9118,9149,-8,1105,-274,823,8,0,1,9
2618,31/08/2010,8999,9008,8819,8824,-69,-278,-220,-567,-175,1,0,9
2619,01/09/2010,8833,8932,8796,8927,-1,-586,-17,-604,94,0,0,10
2620,02/09/2010,9070,9083,8959,9063,218,-67,66,217,-7,0,0,9
2621,03/09/2010,9098,9141,9051,9114,-133,90,245,202,16,0,1,8
2622,06/09/2010,9200,9303,9173,9301,546,314,206,1066,101,0,1,8
2623,07/09/2010,9232,9311,9207,9226,238,-3,-6,229,-6,0,0,8
2624,08/09/2010,9099,9106,8998,9025,215,-12,-376,-173,-74,1,0,7
2625,09/09/2010,9121,9136,9070,9098,355,-706,-11,-362,-23,1,0,7
2626,10/09/2010,9132,9292,9132,9239,318,-7,-96,215,107,0,1,7
2627,13/09/2010,9326,9391,9317,9322,216,438,697,1351,-4,0,0,7
2628,14/09/2010,9320,9330,9258,9299,87,-10,70,147,-21,0,0,6
2629,15/09/2010,9243,9579,9199,9517,194,772,610,1576,274,0,1,5
2630,16/09/2010,9614,9621,9480,9510,-795,-177,-125,-1097,-104,1,0,6
2631,17/09/2010,9582,9643,9554,9626,-190,-301,78,-413,44,0,0,7
2632,21/09/2010,9701,9704,9580,9602,-821,-266,-182,-1269,-99,1,0,6
2633,22/09/2010,9563,9625,9547,9566,334,-5,19,348,3,0,1,6
2634,24/09/2010,9435,9602,9416,9472,138,-27,44,155,37,0,1,7
2635,27/09/2010,9557,9613,9539,9603,-39,-53,-8,-100,46,0,0,7
2636,28/09/2010,9547,9554,9471,9496,37,540,-186,391,-51,0,0,6
2637,29/09/2010,9530,9601,9502,9559,19,407,-437,-11,29,0,0,5
2638,30/09/2010,9555,9567,9369,9369,150,-281,-4,-135,-186,1,0,5
2639,01/10/2010,9441,9470,9359,9404,108,792,-115,785,-37,0,0,6
2640,04/10/2010,9411,9508,9359,9381,-137,-390,-16,-543,-30,1,0,5
2641,05/10/2010,9337,9538,9332,9519,195,-307,485,373,182,0,1,5
2642,06/10/2010,9588,9694,9567,9691,3,-90,163,76,103,0,1,6
2643,07/10/2010,9661,9717,9649,9685,534,449,378,1361,24,0,1,6
2644,08/10/2010,9676,9676,9589,9589,-400,-840,-180,-1420,-87,1,0,6
2645,12/10/2010,9649,9650,9388,9389,-239,-494,-351,-1084,-260,1,0,6
2646,13/10/2010,9474,9510,9394,9404,148,-426,249,-29,-70,1,0,7
2647,14/10/2010,9515,9614,9482,9584,-36,792,69,825,69,0,1,8
2648,15/10/2010,9551,9554,9479,9500,-371,-186,-288,-845,-51,1,0,9
2649,18/10/2010,9518,9565,9471,9498,-66,191,-124,1,-20,0,0,9
2650,19/10/2010,9490,9575,9490,9539,340,34,49,423,49,0,1,9
2651,20/10/2010,9400,9402,9317,9382,-26,-431,142,-315,-18,1,0,9
2652,21/10/2010,9444,9479,9327,9376,-287,202,-68,-153,-68,1,0,9
2653,22/10/2010,9404,9458,9390,9427,23,-78,-128,-183,23,0,0,9
2654,25/10/2010,9424,9461,9393,9401,40,-89,-33,-82,-23,1,0,8
2655,26/10/2010,9387,9455,9362,9377,142,-10,-33,99,-10,0,0,8
2656,27/10/2010,9436,9454,9330,9387,-358,-626,-49,-1033,-49,1,0,7
2657,28/10/2010,9369,9414,9350,9366,-306,-479,-3,-788,-3,1,0,7
2658,29/10/2010,9327,9338,9179,9202,-78,-150,16,-212,-125,1,0,7
2659,01/11/2010,9167,9258,9134,9155,449,461,178,1088,-12,0,0,7
2660,02/11/2010,9140,9172,9124,9160,-509,-72,20,-561,20,0,0,7
2661,04/11/2010,9283,9378,9277,9359,-196,-68,76,-188,76,0,0,6
2662,05/11/2010,9501,9681,9497,9626,-147,-246,55,-338,125,0,0,5
2663,08/11/2010,9700,9737,9678,9733,315,33,33,381,33,0,1,4
2664,09/11/2010,9667,9727,9660,9694,-93,-59,27,-125,27,0,0,5
2665,10/11/2010,9749,9843,9747,9831,158,65,82,305,82,0,1,4
2666,11/11/2010,9878,9885,9835,9861,-75,-56,-17,-148,-17,1,0,5
2667,12/11/2010,9810,9851,9725,9725,572,-459,67,180,-85,0,0,5
2668,15/11/2010,9782,9831,9745,9828,515,-24,-100,391,46,0,1,4
2669,16/11/2010,9893,9908,9774,9797,-31,-262,-174,-467,-96,1,0,4
2670,17/11/2010,9693,9817,9693,9812,363,772,138,1273,119,0,1,5
2671,18/11/2010,9821,10014,9799,10014,-59,160,135,236,193,0,1,6
2672,19/11/2010,10125,10130,10019,10022,-603,-86,-83,-772,-103,1,0,7
2673,22/11/2010,10133,10158,10092,10115,477,14,44,535,-18,0,0,8
2674,24/11/2010,9943,10064,9905,10030,-411,-181,-88,-680,87,0,0,7
2675,25/11/2010,10118,10123,10039,10080,-824,-214,-661,-1699,-38,1,0,7
2676,26/11/2010,10078,10135,10040,10040,-73,105,99,131,-38,0,0,7
2677,29/11/2010,10076,10150,10044,10126,363,17,109,489,50,0,1,6
2678,30/11/2010,10070,10101,9937,9937,-535,348,315,128,-133,0,0,7
2679,01/12/2010,9940,9988,9919,9988,-89,-24,38,-75,48,0,0,6
2680,02/12/2010,10151,10188,10143,10169,139,-28,206,317,18,0,1,5
2681,03/12/2010,10232,10254,10155,10178,-2,-228,145,-85,-54,1,0,5
2682,06/12/2010,10175,10180,10144,10167,84,-60,89,113,-8,0,0,5
2683,07/12/2010,10153,10167,10094,10141,27,-49,145,123,-12,0,0,4
2684,08/12/2010,10200,10259,10184,10232,-315,-208,-97,-620,32,0,0,4
2685,09/12/2010,10278,10298,10240,10286,-502,-249,-168,-919,8,0,0,4
2686,10/12/2010,10374,10374,10194,10212,-305,16,-23,-312,-162,1,0,3
2687,13/12/2010,10213,10294,10200,10294,0,-43,-101,-144,81,0,0,4
2688,14/12/2010,10273,10319,10267,10317,-534,-248,-104,-886,44,0,0,3
2689,15/12/2010,10338,10341,10283,10310,-5,-146,-200,-351,-28,1,0,3
2690,16/12/2010,10298,10347,10283,10311,-90,-450,-9,-549,13,0,0,4
2691,17/12/2010,10307,10327,10281,10304,-351,-836,-351,-1538,-3,1,0,3
2692,20/12/2010,10297,10301,10183,10216,-39,-297,-703,-1039,-81,1,0,3
2693,21/12/2010,10277,10373,10266,10371,-111,345,-103,131,94,0,1,4
2694,22/12/2010,10348,10394,10328,10346,200,44,-56,188,-2,0,0,5
2695,24/12/2010,10276,10291,10264,10279,-373,-187,-138,-698,3,0,0,5
2696,27/12/2010,10293,10377,10293,10356,-265,-74,535,196,63,0,1,5
2697,28/12/2010,10330,10341,10293,10293,-39,-715,163,-591,-37,1,0,5
2698,29/12/2010,10283,10345,10277,10345,60,36,535,631,62,0,1,6
2699,30/12/2010,10303,10315,10210,10229,-64,616,236,788,-74,0,0,7
2700,04/01/2011,10352,10409,10321,10398,14,-1515,133,-1368,46,0,0,6
2701,05/01/2011,10388,10413,10358,10381,-7,-178,-7,-192,-7,1,0,6
2702,06/01/2011,10478,10530,10478,10530,33,-38,174,169,52,0,1,6
2703,07/01/2011,10507,10551,10503,10541,457,-57,44,444,34,0,1,6
2704,11/01/2011,10485,10538,10476,10511,283,-444,-19,-180,26,0,0,6
2705,12/01/2011,10562,10577,10503,10513,-1525,-177,123,-1579,-49,1,0,6
2706,13/01/2011,10593,10621,10565,10590,-122,-217,-44,-383,-3,1,0,7
2707,14/01/2011,10503,10580,10497,10499,-306,340,-306,-272,-4,1,0,7
2708,17/01/2011,10562,10562,10483,10503,-230,0,-325,-555,-59,1,0,7
2709,18/01/2011,10461,10548,10457,10519,62,-5,-806,-749,58,0,0,7
2710,19/01/2011,10568,10581,10534,10557,160,-218,-144,-202,-11,1,0,7
2711,20/01/2011,10492,10506,10422,10437,-136,-385,-349,-870,-55,1,0,8
2712,21/01/2011,10459,10461,10258,10275,67,-410,60,-283,-184,1,0,8
2713,24/01/2011,10319,10348,10279,10345,506,692,-151,1047,26,0,1,8
2714,25/01/2011,10375,10480,10356,10464,-276,562,282,568,89,0,1,8
2715,26/01/2011,10410,10440,10392,10402,-26,-207,-185,-418,-8,1,0,9
2716,27/01/2011,10466,10496,10422,10479,13,72,-130,-45,13,0,0,9
2717,28/01/2011,10460,10480,10333,10360,-245,61,240,56,-100,0,0,8
2718,31/01/2011,10220,10266,10183,10238,-53,-398,18,-433,18,0,0,7
2719,01/02/2011,10282,10299,10246,10274,409,-155,-6,248,-8,0,0,6
2720,02/02/2011,10368,10480,10367,10457,-59,-312,153,-218,89,0,0,6
2721,03/02/2011,10425,10450,10410,10431,-188,-84,8,-264,6,0,0,5
2722,04/02/2011,10526,10580,10524,10544,3,-583,-40,-620,18,0,0,4
2723,07/02/2011,10641,10644,10573,10592,267,-112,80,235,-49,0,0,3
2724,08/02/2011,10645,10649,10624,10636,244,-207,89,126,-9,0,0,2
2725,09/02/2011,10687,10702,10600,10618,262,5,-101,166,-69,0,0,1
2726,10/02/2011,10575,10632,10571,10606,450,102,61,613,31,0,1,0
2727,14/02/2011,10690,10726,10674,10726,196,-143,171,224,36,0,1,1
2728,15/02/2011,10739,10761,10712,10747,192,-10,-174,8,8,0,1,2
2729,16/02/2011,10759,10842,10753,10808,579,693,-193,1079,49,0,1,3
2730,17/02/2011,10883,10892,10820,10837,610,-37,-57,516,-46,0,0,4
2731,18/02/2011,10829,10862,10810,10843,609,5,73,687,14,0,1,4
2732,21/02/2011,10821,10859,10789,10858,-434,293,-134,-275,37,0,0,5
2733,22/02/2011,10746,10761,10640,10665,-617,-214,-565,-1396,-81,1,0,5
2734,23/02/2011,10589,10667,10570,10579,110,36,270,416,-10,0,0,6
2735,24/02/2011,10533,10543,10428,10453,-146,-52,-289,-487,-80,1,0,6
2736,25/02/2011,10476,10532,10454,10527,353,-74,53,332,51,0,1,7
2737,28/02/2011,10505,10629,10449,10624,46,-92,114,68,119,0,1,7
2738,01/03/2011,10676,10754,10673,10754,-431,146,338,53,78,0,1,7
2739,02/03/2011,10609,10630,10492,10492,-300,-494,226,-568,-117,1,0,7
2740,03/03/2011,10530,10593,10522,10586,-55,51,-278,-282,56,0,0,7
2741,04/03/2011,10731,10768,10664,10694,-38,-146,-37,-221,-37,1,0,7
2742,07/03/2011,10627,10627,10473,10505,-203,-63,40,-226,-122,1,0,7
2743,08/03/2011,10513,10565,10509,10525,320,85,12,417,12,0,1,8
2744,09/03/2011,10607,10662,10564,10590,38,-80,6,-36,-17,1,0,8
2745,10/03/2011,10544,10549,10410,10434,-317,-78,-197,-592,-110,1,0,9
2746,11/03/2011,10299,10379,10254,10254,-83,102,-610,-591,-45,1,0,9
2747,14/03/2011,10044,10050,9579,9620,-389,-427,-588,-1404,-424,1,0,9
2748,15/03/2011,9442,9442,8228,8605,-837,-837,-837,-2511,-837,1,0,9
2749,16/03/2011,8767,9169,8764,9094,327,327,327,981,327,0,1,9
2750,17/03/2011,8913,9094,8640,8963,50,179,50,279,50,0,1,9
2751,18/03/2011,9084,9276,9073,9207,123,123,123,369,123,0,1,10
2752,22/03/2011,9403,9625,9396,9608,205,205,205,615,205,0,1,10
2753,23/03/2011,9590,9592,9388,9449,-190,152,-211,-249,-141,1,0,10
2754,24/03/2011,9480,9510,9419,9435,240,-45,-144,51,-45,0,0,10
2755,25/03/2011,9565,9570,9469,9536,-314,-706,-91,-1111,-29,1,0,9
2756,28/03/2011,9542,9542,9405,9479,-458,102,-279,-635,-63,1,0,9
2757,29/03/2011,9349,9502,9317,9459,-561,-163,488,-236,110,0,0,9
2758,30/03/2011,9490,9709,9479,9709,331,219,482,1032,219,0,1,8
2759,31/03/2011,9765,9766,9659,9755,-544,-15,-10,-569,-10,1,0,8
2760,01/04/2011,9757,9822,9699,9708,264,-177,-76,11,-49,0,0,8
2761,04/04/2011,9774,9809,9719,9719,154,18,-220,-48,-55,1,0,7
2762,05/04/2011,9732,9732,9566,9616,893,-224,-68,601,-116,0,0,7
2763,06/04/2011,9668,9671,9562,9584,-378,-274,-194,-846,-84,1,0,6
2764,07/04/2011,9653,9687,9578,9591,-102,243,192,333,-62,0,0,6
2765,08/04/2011,9586,9804,9537,9768,226,-486,133,-127,182,0,0,6
2766,11/04/2011,9731,9776,9701,9720,658,355,-11,1002,-11,0,0,5
2767,12/04/2011,9604,9604,9513,9555,-353,-192,-49,-594,-49,1,0,4
2768,13/04/2011,9516,9656,9516,9641,76,-281,193,-12,125,0,0,5
2769,14/04/2011,9580,9677,9554,9654,-7,-343,86,-264,74,0,0,4
2770,15/04/2011,9646,9652,9578,9592,-174,-25,-54,-253,-54,1,0,3
2771,18/04/2011,9593,9609,9539,9557,-299,-368,97,-570,-36,1,0,4
2772,19/04/2011,9449,9479,9405,9441,-76,-165,338,97,-8,0,0,4
2773,20/04/2011,9537,9631,9519,9607,-55,-92,401,254,70,0,1,4
2774,21/04/2011,9686,9725,9644,9686,-26,-25,429,378,0,0,0,4
2775,22/04/2011,9623,9733,9611,9682,-38,-872,40,-870,59,0,0,4
2776,25/04/2011,9706,9748,9657,9672,-124,-584,-193,-901,-34,1,0,4
2777,26/04/2011,9627,9627,9537,9559,-315,231,30,-54,-68,1,0,5
2778,27/04/2011,9632,9728,9630,9692,119,-178,-79,-138,60,0,0,5
2779,28/04/2011,9749,9850,9713,9850,101,-335,-18,-252,101,0,0,5
2780,02/05/2011,9964,10017,9936,10004,137,32,42,211,40,0,1,5
2781,06/05/2011,9851,9876,9783,9859,292,-256,8,44,8,0,1,5
2782,09/05/2011,9882,9898,9777,9794,463,-162,-384,-83,-88,1,0,5
2783,10/05/2011,9804,9853,9756,9819,-315,45,-560,-830,15,0,0,6
2784,11/05/2011,9912,9929,9843,9864,-245,-122,-560,-927,-48,1,0,5
2785,12/05/2011,9771,9837,9717,9717,-59,-284,-408,-751,-54,1,0,6
2786,13/05/2011,9751,9751,9553,9649,-437,-232,-268,-937,-102,1,0,7
2787,16/05/2011,9571,9598,9553,9558,305,562,348,1215,-13,0,0,7
2788,17/05/2011,9514,9593,9502,9567,52,21,155,228,53,0,1,6
2789,18/05/2011,9603,9694,9590,9662,1,321,17,339,59,0,1,7
2790,19/05/2011,9711,9731,9601,9621,-54,-345,-303,-702,-90,1,0,8
2791,20/05/2011,9613,9671,9600,9607,127,410,-291,246,-6,0,0,8
2792,23/05/2011,9548,9548,9438,9461,8,-340,-177,-509,-87,1,0,7
2793,24/05/2011,9406,9490,9406,9477,258,-37,-54,167,71,0,1,7
2794,25/05/2011,9492,9504,9415,9423,-83,158,37,112,-69,0,0,8
2795,26/05/2011,9499,9567,9489,9562,-332,540,-21,187,63,0,1,7
2796,27/05/2011,9514,9589,9493,9522,-37,-205,-51,-293,8,0,0,7
2797,30/05/2011,9490,9540,9448,9505,-40,107,420,487,15,0,1,6
2798,31/05/2011,9501,9697,9497,9694,43,653,662,1358,193,0,1,7
2799,01/06/2011,9708,9721,9659,9720,194,-55,311,450,12,0,1,7
2800,02/06/2011,9561,9575,9517,9555,333,-162,-844,-673,-6,1,0,7
2801,03/06/2011,9551,9603,9491,9492,-19,-209,-51,-279,-59,1,0,7
2802,06/06/2011,9467,9491,9360,9380,-252,-173,-150,-575,-87,1,0,8
2803,07/06/2011,9371,9455,9358,9443,-194,443,271,520,72,0,1,8
2804,08/06/2011,9429,9458,9395,9449,209,237,133,579,20,0,1,8
2805,09/06/2011,9412,9472,9383,9467,-233,-208,60,-381,55,0,0,9
2806,10/06/2011,9537,9614,9493,9514,-263,-15,-228,-506,-23,1,0,8
2807,13/06/2011,9405,9467,9391,9448,33,83,43,159,43,0,1,9
2808,14/06/2011,9447,9566,9438,9548,101,19,-87,33,101,0,1,9
2809,15/06/2011,9590,9600,9521,9574,-478,119,-16,-375,-16,1,0,9
2810,16/06/2011,9479,9498,9411,9411,-190,34,-68,-224,-68,1,0,9
2811,17/06/2011,9443,9447,9319,9351,-324,-90,-110,-524,-92,1,0,9
2812,20/06/2011,9383,9421,9347,9354,-89,-225,-605,-919,-29,1,0,9
2813,21/06/2011,9420,9460,9378,9460,-50,-67,175,58,40,0,1,9
2814,22/06/2011,9525,9659,9525,9629,-9,-22,-94,-125,104,0,0,9
2815,23/06/2011,9558,9652,9553,9597,231,-85,167,313,39,0,1,8
2816,24/06/2011,9626,9695,9609,9679,-37,138,-314,-213,53,0,0,9
2817,27/06/2011,9634,9638,9571,9578,-56,-16,-579,-651,-56,1,0,8
2818,28/06/2011,9668,9703,9633,9649,-187,-278,-40,-505,-19,1,0,8
2819,29/06/2011,9768,9797,9735,9797,15,-331,-97,-413,29,0,0,8
2820,30/06/2011,9838,9850,9786,9816,-577,56,41,-480,-22,1,0,7
2821,01/07/2011,9879,9901,9850,9868,-474,-156,-386,-1016,-11,1,0,7
2822,04/07/2011,9980,10006,9940,9965,-474,138,217,-119,-15,1,0,7
2823,05/07/2011,9959,9995,9948,9972,223,-296,-46,-119,13,0,0,7
2824,06/07/2011,9987,10082,9968,10082,179,-86,-83,10,95,0,1,6
2825,07/07/2011,10047,10102,10029,10071,-363,-96,-109,-568,24,0,0,7
2826,08/07/2011,10206,10208,10126,10138,-518,-227,-68,-813,-68,1,0,6
2827,11/07/2011,10069,10109,10058,10070,-547,-114,-286,-947,1,0,0,7
2828,12/07/2011,9943,9971,9908,9926,-1005,255,354,-396,-17,1,0,6
2829,13/07/2011,9891,9980,9887,9963,-108,139,-32,-1,72,0,0,6
2830,14/07/2011,9929,9998,9884,9936,-7,-49,132,76,7,0,1,6
2831,15/07/2011,9920,9985,9919,9974,273,83,-380,-24,54,0,0,6
2832,19/07/2011,9922,9946,9890,9890,-64,101,4,41,-32,0,0,5
2833,20/07/2011,10008,10043,9986,10006,-103,-258,-18,-379,-2,1,0,4
2834,21/07/2011,10020,10026,9974,10010,-205,284,-431,-352,-10,1,0,5
2835,22/07/2011,10097,10149,10077,10132,38,-303,32,-233,35,0,0,5
2836,25/07/2011,10081,10091,10039,10050,17,48,298,363,-31,0,0,5
2837,26/07/2011,10078,10130,10044,10098,20,-208,42,-146,20,0,0,4
2838,27/07/2011,10048,10054,10009,10047,170,137,89,396,-1,0,0,4
2839,28/07/2011,9937,9946,9854,9901,301,432,-511,222,-36,0,0,3
2840,29/07/2011,9867,9914,9824,9833,-24,472,-11,437,-34,0,0,3
2841,01/08/2011,9907,10040,9906,9965,-220,820,36,636,58,0,1,2
2842,02/08/2011,9872,9873,9822,9845,-621,279,589,247,-27,0,0,3
2843,03/08/2011,9705,9705,9610,9637,-440,-782,-273,-1495,-68,1,0,3
2844,04/08/2011,9686,9768,9615,9659,-127,-789,-27,-943,-27,1,0,3
2845,05/08/2011,9469,9469,9264,9300,-245,4,178,-63,-169,1,0,3
2846,08/08/2011,9170,9215,9057,9098,313,562,-72,803,-72,0,0,4
2847,09/08/2011,8912,8950,8657,8944,32,502,32,566,32,0,1,4
2848,10/08/2011,9111,9144,9021,9039,-72,814,-72,670,-72,0,0,5
2849,11/08/2011,8877,8983,8832,8982,105,-43,68,130,105,0,1,5
2850,12/08/2011,9064,9070,8927,8964,62,213,-842,-567,-100,1,0,6
2851,15/08/2011,9083,9117,9033,9086,-178,81,81,-16,3,0,0,7
2852,16/08/2011,9135,9150,9073,9107,-88,-213,173,-128,-28,1,0,6
2853,17/08/2011,9048,9082,9004,9057,33,-433,-90,-490,9,0,0,7
2854,18/08/2011,9043,9043,8931,8944,-299,-253,34,-518,-99,1,0,6
2855,19/08/2011,8772,8796,8707,8719,934,-225,-53,656,-53,0,0,6
2856,22/08/2011,8687,8756,8619,8628,542,257,72,871,-59,0,0,5
2857,23/08/2011,8703,8747,8630,8733,136,-449,-699,-1012,30,0,0,5
2858,24/08/2011,8812,8825,8621,8640,-628,-57,-133,-818,-172,1,0,4
2859,25/08/2011,8748,8850,8742,8772,641,-80,-361,200,24,0,1,5
2860,26/08/2011,8747,8805,8742,8798,135,-121,120,134,51,0,1,5
2861,29/08/2011,8802,8926,8751,8851,-528,120,-64,-472,49,0,0,5
2862,30/08/2011,8958,8993,8936,8954,188,-158,38,68,-4,0,0,5
2863,31/08/2011,8938,8968,8906,8955,580,2,-44,538,17,0,1,4
2864,01/09/2011,9017,9098,8998,9061,333,102,318,753,44,0,1,5
2865,02/09/2011,8981,9014,8915,8951,70,96,81,247,-30,0,0,5
2866,05/09/2011,8828,8843,8757,8784,188,93,-90,191,-44,0,0,5
2867,06/09/2011,8687,8710,8588,8591,-378,-235,18,-595,-96,1,0,5
2868,07/09/2011,8723,8773,8703,8763,-296,-227,43,-480,40,0,0,6
2869,08/09/2011,8863,8876,8758,8793,173,188,-43,318,-70,0,0,5
2870,09/09/2011,8739,8804,8726,8738,-68,-218,16,-270,-1,1,0,4
2871,12/09/2011,8579,8584,8521,8536,-8,-588,323,-273,-43,1,0,4
2872,13/09/2011,8589,8636,8549,8617,48,52,-120,-20,28,0,0,5
2873,14/09/2011,8624,8671,8499,8519,94,-68,71,97,-105,0,0,5
2874,15/09/2011,8645,8696,8634,8669,-465,-374,-188,-1027,24,0,0,4
2875,16/09/2011,8785,8864,8774,8864,156,383,452,991,79,0,1,3
2876,20/09/2011,8764,8772,8704,8721,7,117,270,394,-43,0,0,4
2877,21/09/2011,8717,8772,8707,8741,312,290,-62,540,24,0,1,4
2878,22/09/2011,8643,8643,8545,8560,-205,-239,-62,-506,-83,1,0,4
2879,26/09/2011,8548,8557,8360,8374,-174,-47,-215,-436,-174,1,0,5
2880,27/09/2011,8496,8610,8479,8610,93,-583,83,-407,114,0,0,6
2881,28/09/2011,8608,8666,8596,8616,721,329,224,1274,8,0,1,5
2882,29/09/2011,8528,8706,8501,8701,228,156,224,608,173,0,1,5
2883,30/09/2011,8714,8756,8654,8700,-119,-715,-171,-1005,-14,1,0,6
2884,03/10/2011,8568,8578,8456,8545,158,-239,124,43,-23,0,0,7
2885,04/10/2011,8426,8471,8359,8456,647,64,119,830,30,0,1,7
2886,05/10/2011,8491,8501,8343,8383,104,-538,-273,-707,-108,1,0,7
2887,06/10/2011,8464,8546,8464,8522,-242,58,58,-126,58,0,0,8
2888,07/10/2011,8593,8664,8589,8606,-714,-708,133,-1289,13,0,0,7
2889,11/10/2011,8734,8806,8726,8774,-101,-84,40,-145,40,0,0,6
2890,12/10/2011,8720,8763,8689,8739,179,693,19,891,19,0,1,5
2891,13/10/2011,8833,8854,8809,8823,455,-208,-10,237,-10,0,0,6
2892,14/10/2011,8783,8788,8734,8748,-410,172,-35,-273,-35,1,0,5
2893,17/10/2011,8881,8912,8857,8880,372,-75,-1,296,-1,0,0,5
2894,18/10/2011,8759,8774,8727,8742,-486,-381,-232,-1099,-17,1,0,4
2895,19/10/2011,8808,8832,8745,8773,2,-96,-173,-267,-35,1,0,5
2896,20/10/2011,8734,8734,8672,8682,184,182,-173,193,-52,0,0,5
2897,21/10/2011,8679,8700,8652,8679,32,139,-480,-309,0,0,0,4
2898,24/10/2011,8765,8844,8762,8844,268,-531,367,104,79,0,1,4
2899,25/10/2011,8866,8870,8755,8762,-142,-100,-173,-415,-104,1,0,5
2900,26/10/2011,8674,8799,8643,8748,59,604,182,845,74,0,1,6
2901,27/10/2011,8779,8927,8732,8927,292,209,11,512,148,0,1,6
2902,28/10/2011,9059,9086,9003,9050,-281,89,1,-191,-9,1,0,7
2903,31/10/2011,9011,9152,8988,8988,-435,-163,23,-575,-23,1,0,7
2904,01/11/2011,8881,8946,8832,8836,-228,426,246,444,-45,0,0,8
2905,02/11/2011,8720,8720,8640,8640,-523,-105,-338,-966,-80,1,0,7
2906,04/11/2011,8761,8815,8729,8801,-373,-181,40,-514,40,0,0,7
2907,07/11/2011,8772,8780,8741,8767,-227,-42,36,-233,-5,1,0,7
2908,08/11/2011,8744,8772,8644,8656,-431,-435,-592,-1458,-88,1,0,8
2909,09/11/2011,8725,8763,8679,8755,-301,792,-75,416,30,0,1,8
2910,10/11/2011,8597,8600,8501,8501,-177,-161,-110,-448,-96,1,0,8
2911,11/11/2011,8546,8566,8486,8514,-32,-483,-32,-547,-32,1,0,8
2912,14/11/2011,8631,8655,8595,8604,-150,-176,-27,-353,-27,1,0,8
2913,15/11/2011,8547,8584,8528,8542,265,438,140,843,-5,0,0,8
2914,16/11/2011,8547,8568,8459,8463,-193,-764,-44,-1001,-84,1,0,7
2915,17/11/2011,8422,8492,8400,8480,149,392,-368,173,58,0,1,8
2916,18/11/2011,8374,8399,8360,8375,1,-102,66,-35,1,0,0,8
2917,21/11/2011,8349,8376,8344,8348,722,578,288,1588,-1,0,0,8
2918,22/11/2011,8264,8350,8261,8315,123,-40,-280,-197,51,0,0,7
2919,24/11/2011,8189,8213,8157,8165,-176,-197,-24,-397,-24,1,0,6
2920,25/11/2011,8138,8200,8136,8160,-116,-118,38,-196,22,0,0,6
2921,28/11/2011,8270,8322,8260,8287,-65,-586,-760,-1411,17,0,0,5
2922,29/11/2011,8371,8478,8351,8478,209,237,133,579,107,0,1,4
2923,30/11/2011,8408,8435,8362,8435,188,27,27,242,27,0,1,4
2924,01/12/2011,8581,8654,8577,8597,-257,60,-129,-326,16,0,0,5
2925,02/12/2011,8603,8644,8592,8644,353,161,94,608,41,0,1,4
2926,05/12/2011,8698,8704,8668,8696,214,258,82,554,-2,0,0,4
2927,06/12/2011,8645,8672,8571,8575,380,100,-70,410,-70,0,0,4
2928,07/12/2011,8629,8730,8614,8722,927,-9,373,1291,93,0,1,4
2929,08/12/2011,8664,8689,8625,8665,38,-49,-201,-212,1,0,0,5
2930,09/12/2011,8521,8577,8503,8536,681,302,-71,912,15,0,1,4
2931,12/12/2011,8653,8682,8633,8654,139,-210,-307,-378,1,0,0,5
2932,13/12/2011,8536,8594,8519,8553,-333,-212,-560,-1105,17,0,0,5
2933,14/12/2011,8514,8541,8486,8519,30,272,-166,136,5,0,1,4
2934,15/12/2011,8449,8455,8374,8377,-119,-164,-132,-415,-72,1,0,4
2935,16/12/2011,8416,8433,8391,8402,506,-186,246,566,-14,0,0,5
2936,19/12/2011,8363,8365,8272,8296,-55,-429,-47,-531,-67,1,0,4
2937,20/12/2011,8318,8355,8318,8336,186,-165,78,99,18,0,1,5
2938,21/12/2011,8443,8471,8441,8460,109,118,-47,180,17,0,1,6
2939,22/12/2011,8430,8437,8384,8395,107,354,-240,221,-35,0,0,6
2940,27/12/2011,8443,8458,8429,8441,-357,-187,-226,-770,-2,1,0,6
2941,28/12/2011,8426,8457,8415,8424,-2,564,23,585,-2,0,0,6
2942,29/12/2011,8368,8405,8331,8399,-282,26,-47,-303,31,0,0,6
2943,30/12/2011,8435,8455,8416,8455,-9,-142,24,-127,20,0,0,6
2944,04/01/2012,8550,8581,8548,8560,11,-208,-173,-370,10,0,0,5
2945,05/01/2012,8516,8519,8482,8489,216,438,697,1351,-27,0,0,4
2946,06/01/2012,8489,8489,8349,8390,-13,-59,-151,-223,-99,1,0,4
2947,10/01/2012,8423,8451,8405,8422,228,-236,-1,-9,-1,1,0,4
2948,11/01/2012,8441,8464,8426,8448,21,34,-24,31,7,0,1,4
2949,12/01/2012,8423,8427,8360,8386,-508,-409,-179,-1096,-37,1,0,4
2950,13/01/2012,8471,8510,8459,8500,-23,-155,163,-15,29,0,0,5
2951,16/01/2012,8410,8410,8352,8378,-92,-53,-546,-691,-32,1,0,4
2952,17/01/2012,8420,8476,8413,8466,-28,36,24,32,46,0,1,5
2953,18/01/2012,8458,8596,8446,8551,38,159,-37,160,93,0,1,6
2954,19/01/2012,8597,8669,8597,8640,79,65,183,327,43,0,1,7
2955,20/01/2012,8751,8791,8725,8766,233,320,127,680,15,0,1,8
2956,23/01/2012,8754,8795,8745,8766,-254,401,-44,103,12,0,1,9
2957,24/01/2012,8815,8825,8769,8785,-602,-142,10,-734,-30,1,0,9
2958,25/01/2012,8842,8912,8816,8884,137,-451,-187,-501,42,0,0,9
2959,26/01/2012,8890,8895,8835,8849,-377,-54,-93,-524,-41,1,0,8
2960,27/01/2012,8851,8886,8811,8841,515,-24,-100,391,-10,0,0,8
2961,30/01/2012,8804,8832,8774,8793,-43,231,57,245,-11,0,0,8
2962,31/01/2012,8781,8837,8777,8803,-130,-124,129,-125,22,0,0,7
2963,01/02/2012,8789,8830,8780,8810,-303,19,-16,-300,21,0,0,6
2964,02/02/2012,8865,8893,8849,8877,-11,-24,194,159,12,0,1,5
2965,03/02/2012,8849,8878,8826,8832,-123,-54,129,-48,-17,1,0,5
2966,06/02/2012,8940,8949,8917,8929,-248,200,5,-43,-11,1,0,5
2967,07/02/2012,8904,8928,8887,8918,138,110,-196,52,14,0,1,5
2968,08/02/2012,8972,9016,8957,9016,127,-29,-20,78,44,0,1,5
2969,09/02/2012,8996,9018,8943,9002,-281,16,159,-106,6,0,0,6
2970,10/02/2012,9011,9017,8947,8947,-1450,-262,38,-1674,-64,1,0,5
2971,13/02/2012,8954,9024,8949,8999,-315,-208,-97,-620,45,0,0,6
2972,14/02/2012,8979,9072,8973,9052,454,-49,66,471,73,0,1,6
2973,15/02/2012,9109,9314,9108,9260,-58,-24,89,7,151,0,1,7
2974,16/02/2012,9232,9309,9214,9238,-325,-201,-89,-615,6,0,0,8
2975,17/02/2012,9371,9435,9369,9384,-677,-426,-589,-1692,13,0,0,7
2976,20/02/2012,9534,9549,9463,9485,-821,-271,-488,-1580,-49,1,0,6
2977,21/02/2012,9459,9517,9440,9463,-379,-577,-259,-1215,4,0,0,6
2978,22/02/2012,9460,9564,9443,9554,-248,-188,11,-425,94,0,0,5
2979,23/02/2012,9550,9610,9514,9596,-831,46,169,-616,46,0,0,4
2980,24/02/2012,9595,9647,9576,9647,-732,326,138,-268,52,0,0,4
2981,27/02/2012,9726,9736,9628,9634,-393,34,11,-348,-92,1,0,3
2982,28/02/2012,9567,9723,9529,9723,134,348,533,1015,156,0,1,4
2983,29/02/2012,9772,9866,9706,9723,-474,-530,-110,-1114,-49,1,0,4
2984,01/03/2012,9771,9866,9666,9707,465,-236,54,283,-64,0,0,4
2985,02/03/2012,9797,9804,9729,9777,-928,-386,-350,-1664,-20,1,0,4
2986,05/03/2012,9757,9792,9674,9699,-434,304,-196,-326,-58,1,0,5
2987,06/03/2012,9705,9733,9603,9638,-360,-350,-67,-777,-67,1,0,5
2988,07/03/2012,9509,9603,9509,9576,31,225,78,334,67,0,1,6
2989,08/03/2012,9675,9769,9659,9769,29,223,-102,150,94,0,1,7
2990,09/03/2012,9911,10008,9853,9930,0,-181,193,12,19,0,1,8
2991,12/03/2012,10016,10022,9890,9890,309,74,-122,261,-126,0,0,9
2992,13/03/2012,9921,10012,9888,9899,410,285,192,887,-22,0,0,8
2993,14/03/2012,10064,10116,10051,10051,525,-23,250,752,-13,0,0,7
2994,15/03/2012,10115,10159,10078,10123,118,493,152,763,8,0,1,6
2995,16/03/2012,10111,10148,10090,10130,-856,-654,-407,-1917,19,0,0,7
2996,19/03/2012,10151,10173,10134,10142,525,135,48,708,-9,0,0,6
2997,21/03/2012,10101,10132,10074,10086,-729,-669,-733,-2131,-15,1,0,5
2998,22/03/2012,10055,10137,10052,10127,-824,-249,-98,-1171,72,0,0,5
2999,23/03/2012,10015,10032,9999,10011,-413,0,-137,-550,-4,1,0,4
3000,26/03/2012,10040,10056,10016,10018,-19,274,-307,-52,-22,1,0,4
3001,27/03/2012,10153,10255,10152,10255,-97,-301,-239,-637,102,0,0,4
3002,28/03/2012,10154,10198,10124,10183,283,-232,-352,-301,29,0,0,4
3003,29/03/2012,10135,10147,10085,10115,-73,63,-110,-120,-20,1,0,4
3004,30/03/2012,10089,10111,10033,10084,-657,-207,-437,-1301,-5,1,0,5
3005,02/04/2012,10162,10190,10110,10110,-19,-102,46,-75,-52,1,0,5
3006,03/04/2012,10082,10084,10041,10050,-174,115,-437,-496,-32,1,0,6
3007,04/04/2012,10046,10059,9820,9820,-347,-569,-372,-1288,-226,1,0,7
3008,05/04/2012,9738,9806,9693,9768,-250,1,-352,-601,30,0,0,7
3009,06/04/2012,9710,9740,9659,9688,-71,-232,-71,-374,-22,1,0,7
3010,09/04/2012,9565,9618,9535,9546,224,-647,-19,-442,-19,1,0,7
3011,10/04/2012,9583,9648,9510,9538,-116,-848,-45,-1009,-45,1,0,7
3012,11/04/2012,9399,9488,9388,9459,73,-265,121,-71,60,0,0,8
3013,12/04/2012,9486,9541,9449,9525,-46,-104,80,-70,39,0,0,8
3014,13/04/2012,9613,9690,9604,9638,151,241,178,570,25,0,1,7
3015,16/04/2012,9523,9533,9464,9471,-57,169,-353,-241,-52,1,0,7
3016,17/04/2012,9476,9520,9455,9465,291,367,41,699,-11,0,0,7
3017,18/04/2012,9594,9683,9594,9667,-253,681,35,463,73,0,1,6
3018,19/04/2012,9579,9618,9566,9588,22,-281,85,-174,9,0,0,6
3019,20/04/2012,9575,9581,9533,9561,-109,312,-250,-47,-14,1,0,6
3020,23/04/2012,9599,9643,9521,9542,196,-122,-286,-212,-57,1,0,6
3021,24/04/2012,9466,9511,9423,9468,-159,112,2,-45,2,0,0,6
3022,25/04/2012,9578,9583,9530,9561,-207,-174,-353,-734,-17,1,0,5
3023,26/04/2012,9613,9631,9531,9562,-380,-185,-210,-775,-51,1,0,6
3024,27/04/2012,9564,9692,9464,9521,-370,-43,-218,-631,-43,1,0,7
3025,01/05/2012,9472,9472,9333,9351,21,-121,-263,-363,-121,1,0,7
3026,02/05/2012,9398,9418,9345,9380,231,23,-72,182,-18,0,0,7
3027,07/05/2012,9198,9206,9109,9119,100,158,27,285,-79,0,0,7
3028,08/05/2012,9190,9208,9159,9182,-26,437,-8,403,-8,0,0,6
3029,09/05/2012,9113,9116,9021,9045,319,-48,222,493,-68,0,0,6
3030,10/05/2012,9013,9076,8986,9010,-90,-902,-205,-1197,-3,1,0,5
3031,11/05/2012,9019,9051,8945,8953,-151,23,-151,-279,-66,1,0,5
3032,14/05/2012,8986,9031,8948,8974,-12,-789,183,-618,-12,1,0,6
3033,15/05/2012,8911,8931,8839,8901,-306,-176,-138,-620,-10,1,0,6
3034,16/05/2012,8866,8884,8756,8801,-40,-200,-61,-301,-65,1,0,6
3035,17/05/2012,8789,8885,8766,8877,-116,-146,207,-55,88,0,0,6
3036,18/05/2012,8728,8736,8588,8611,-258,74,-36,-220,-117,1,0,5
3037,21/05/2012,8618,8676,8609,8634,146,-173,16,-11,16,0,0,6
3038,22/05/2012,8722,8740,8690,8729,-242,-226,-82,-550,7,0,0,6
3039,23/05/2012,8715,8715,8539,8557,-518,-610,-420,-1548,-158,1,0,6
3040,24/05/2012,8538,8598,8497,8563,-107,-437,-40,-584,25,0,0,7
3041,25/05/2012,8617,8617,8551,8580,-521,47,47,-427,-37,1,0,6
3042,28/05/2012,8605,8625,8569,8593,-362,-668,-61,-1091,-12,1,0,6
3043,29/05/2012,8566,8657,8517,8657,582,-121,295,756,91,0,1,6
3044,30/05/2012,8638,8657,8569,8633,31,96,-52,75,-5,0,0,6
3045,31/05/2012,8500,8543,8455,8543,267,8,224,499,43,0,1,5
3046,01/06/2012,8465,8487,8422,8440,496,-150,-154,192,-25,0,0,6
3047,04/06/2012,8279,8303,8239,8296,-220,443,48,271,17,0,1,5
3048,05/06/2012,8331,8388,8307,8382,570,-235,-82,253,51,0,1,6
3049,06/06/2012,8428,8549,8413,8534,217,290,27,534,106,0,1,7
3050,07/06/2012,8639,8648,8600,8640,-380,-29,39,-370,1,0,0,7
3051,08/06/2012,8610,8612,8427,8459,58,310,75,443,-151,0,0,7
3052,11/06/2012,8612,8666,8595,8625,60,-124,16,-48,13,0,0,6
3053,12/06/2012,8479,8576,8452,8537,35,-55,-151,-171,58,0,0,5
3054,13/06/2012,8558,8616,8554,8588,65,636,199,900,30,0,1,4
3055,14/06/2012,8531,8592,8521,8569,-96,-2,8,-90,38,0,0,5
3056,15/06/2012,8608,8625,8553,8569,-487,38,-40,-489,-39,1,0,4
3057,18/06/2012,8724,8767,8711,8721,-158,111,-62,-109,-3,1,0,5
3058,19/06/2012,8693,8713,8631,8656,333,-233,-37,63,-37,0,0,5
3059,20/06/2012,8739,8770,8711,8752,-122,-171,13,-280,13,0,0,4
3060,21/06/2012,8794,8859,8791,8824,-535,-305,9,-831,30,0,0,3
3061,22/06/2012,8734,8830,8732,8798,527,14,33,574,64,0,1,3
3062,25/06/2012,8838,8838,8726,8735,-917,-214,-141,-1272,-103,1,0,4
3063,26/06/2012,8672,8713,8619,8664,-239,-340,-269,-848,-8,1,0,5
3064,27/06/2012,8678,8730,8642,8730,-7,-486,-7,-500,52,0,0,6
3065,28/06/2012,8816,8881,8806,8874,-227,-70,-4,-301,58,0,0,5
3066,29/06/2012,8811,9044,8803,9007,-445,215,296,66,196,0,1,5
3067,02/07/2012,9104,9104,9003,9003,-701,-732,-956,-2389,-101,1,0,5
3068,03/07/2012,9014,9082,9013,9067,336,729,572,1637,53,0,1,5
3069,04/07/2012,9120,9136,9095,9104,-603,-370,0,-973,-16,1,0,6
3070,05/07/2012,9078,9131,9069,9080,-270,77,-16,-209,2,0,0,7
3071,06/07/2012,9053,9082,8977,9021,-202,-379,188,-393,-32,1,0,7
3072,09/07/2012,8923,8954,8892,8897,663,72,32,767,-26,0,0,7
3073,10/07/2012,8922,8967,8856,8858,32,-71,112,73,-64,0,0,6
3074,11/07/2012,8819,8851,8798,8851,105,429,-125,409,32,0,1,5
3075,12/07/2012,8859,8863,8710,8720,-106,-753,-468,-1327,-139,1,0,6
3076,13/07/2012,8701,8759,8695,8724,-469,26,-547,-990,23,0,0,7
3077,17/07/2012,8741,8809,8712,8755,-114,664,99,649,14,0,1,6
3078,18/07/2012,8796,8802,8715,8727,-143,243,559,659,-69,0,0,6
3079,19/07/2012,8795,8836,8771,8796,-84,257,330,503,1,0,1,5
3080,20/07/2012,8786,8792,8663,8670,59,-206,-54,-201,-116,1,0,5
3081,23/07/2012,8582,8606,8500,8508,-59,11,-60,-108,-74,1,0,6
3082,24/07/2012,8498,8518,8446,8488,81,-200,108,-11,-10,1,0,6
3083,25/07/2012,8411,8434,8328,8366,13,-161,268,120,-45,0,0,7
3084,26/07/2012,8408,8449,8359,8443,-389,-616,-455,-1460,35,0,0,7
3085,27/07/2012,8547,8569,8523,8567,123,157,20,300,20,0,1,6
3086,30/07/2012,8659,8663,8589,8635,-328,-72,425,25,-24,0,0,6
3087,31/07/2012,8601,8733,8585,8695,-117,290,646,819,94,0,1,6
3088,01/08/2012,8622,8655,8578,8642,-451,231,-17,-237,20,0,0,6
3089,02/08/2012,8643,8706,8636,8653,-69,-91,53,-107,10,0,0,6
3090,03/08/2012,8540,8565,8513,8555,-305,-737,-105,-1147,15,0,0,5
3091,06/08/2012,8683,8752,8676,8726,-12,43,167,198,43,0,1,4
3092,07/08/2012,8714,8812,8712,8803,62,617,248,927,89,0,1,4
3093,08/08/2012,8889,8963,8852,8881,676,-87,175,764,-8,0,0,4
3094,09/08/2012,8871,9005,8862,8979,-695,138,217,-340,108,0,0,4
3095,10/08/2012,8932,8955,8857,8891,388,-285,-166,-63,-41,1,0,4
3096,13/08/2012,8872,8906,8868,8885,402,-305,-25,72,13,0,1,4
3097,14/08/2012,8914,8971,8898,8930,-246,-88,13,-321,16,0,0,5
3098,15/08/2012,8960,8960,8866,8925,363,-255,-68,40,-35,0,0,4
3099,16/08/2012,8967,9094,8963,9093,-91,112,376,397,126,0,1,4
3100,17/08/2012,9120,9182,9097,9162,-600,190,-109,-519,42,0,0,5
3101,20/08/2012,9202,9223,9151,9171,-602,-658,-281,-1541,-31,1,0,5
3102,21/08/2012,9165,9197,9146,9157,499,30,134,663,-8,0,0,5
3103,22/08/2012,9151,9163,9075,9132,493,-377,346,462,-19,0,0,4
3104,23/08/2012,9081,9194,9063,9178,209,137,176,522,97,0,1,4
3105,24/08/2012,9070,9091,9046,9071,-502,-249,-168,-919,1,0,0,5
3106,27/08/2012,9140,9150,9085,9085,-265,-483,11,-737,-55,1,0,4
3107,28/08/2012,9139,9141,8989,9033,-657,-106,182,-581,-106,1,0,4
3108,29/08/2012,9046,9074,9034,9070,-144,-371,413,-102,24,0,0,5
3109,30/08/2012,9062,9062,8960,8984,-116,-737,-434,-1287,-78,1,0,5
3110,31/08/2012,8892,8934,8840,8840,-491,-68,-18,-577,-52,1,0,5
3111,03/09/2012,8837,8893,8773,8784,-78,14,-226,-290,-53,1,0,6
3112,04/09/2012,8788,8804,8729,8776,-183,130,-334,-387,-12,1,0,6
3113,05/09/2012,8757,8759,8680,8680,-109,-187,171,-125,-77,1,0,7
3114,06/09/2012,8690,8697,8646,8681,94,-146,-47,-99,-9,1,0,8
3115,07/09/2012,8821,8872,8804,8872,-182,303,-219,-98,51,0,0,8
3116,10/09/2012,8853,8875,8838,8869,200,183,25,408,16,0,1,8
3117,11/09/2012,8811,8814,8769,8807,-313,-1,-218,-532,-4,1,0,8
3118,12/09/2012,8827,8960,8822,8960,568,462,452,1482,133,0,1,8
3119,13/09/2012,8950,9022,8932,8995,102,198,45,345,45,0,1,9
3120,14/09/2012,9098,9193,9082,9159,130,221,18,369,61,0,1,9
3121,18/09/2012,9155,9180,9121,9124,249,-319,-31,-101,-31,1,0,9
3122,19/09/2012,9167,9289,9141,9232,51,158,126,335,65,0,1,9
3123,20/09/2012,9174,9216,9079,9087,-689,142,40,-507,-87,1,0,9
3124,21/09/2012,9113,9159,9104,9110,-651,122,89,-440,-3,1,0,9
3125,24/09/2012,9071,9092,9031,9069,263,160,27,450,-2,0,0,9
3126,25/09/2012,9031,9113,9024,9092,185,117,119,421,61,0,1,9
3127,26/09/2012,8942,8972,8894,8907,-227,36,119,-72,-35,1,0,9
3128,27/09/2012,8856,8959,8844,8950,402,94,-118,378,94,0,1,9
3129,28/09/2012,8987,8989,8839,8870,-121,-311,-117,-549,-117,1,0,9
3130,01/10/2012,8815,8829,8759,8797,105,181,24,310,-18,0,0,9
3131,02/10/2012,8826,8843,8775,8786,29,29,-40,18,-40,0,0,8
3132,03/10/2012,8778,8807,8730,8747,-31,-159,427,237,-31,0,0,7
3133,04/10/2012,8783,8866,8738,8825,-266,-23,-68,-357,42,0,0,6
3134,05/10/2012,8850,8880,8806,8863,74,-718,-267,-911,13,0,0,5
3135,09/10/2012,8822,8841,8766,8770,-543,-28,-307,-878,-52,1,0,4
3136,10/10/2012,8651,8661,8578,8596,-175,-68,-323,-566,-55,1,0,5
3137,11/10/2012,8515,8607,8515,8547,284,-413,-96,-225,32,0,0,5
3138,12/10/2012,8608,8620,8516,8534,26,-238,-69,-281,-74,1,0,4
3139,15/10/2012,8518,8595,8488,8578,318,187,47,552,60,0,1,4
3140,16/10/2012,8639,8708,8634,8701,54,-222,84,-84,62,0,0,4
3141,17/10/2012,8777,8837,8759,8807,254,92,-52,294,30,0,1,4
3142,18/10/2012,8887,8992,8877,8983,128,310,96,534,96,0,1,5
3143,19/10/2012,8944,9017,8940,9003,-292,-37,59,-270,59,0,0,6
3144,22/10/2012,8875,9032,8868,9011,214,272,82,568,136,0,1,6
3145,23/10/2012,9066,9076,8970,9014,-111,-68,82,-97,-52,1,0,7
3146,24/10/2012,8896,9044,8896,8954,-108,318,268,478,58,0,1,7
3147,25/10/2012,8952,9057,8942,9055,819,438,41,1298,103,0,1,7
3148,26/10/2012,9059,9076,8933,8933,610,-87,-76,447,-126,0,0,8
3149,29/10/2012,8959,8986,8909,8929,-213,110,119,16,-30,0,0,7
3150,30/10/2012,8942,8996,8842,8842,-494,39,-98,-553,-100,1,0,6
3151,31/10/2012,8911,8986,8905,8928,-36,154,174,292,17,0,1,7
3152,01/11/2012,8932,8976,8871,8947,-110,-468,113,-465,15,0,0,7
3153,02/11/2012,9049,9072,9031,9051,-1,213,-98,114,2,0,1,6
3154,05/11/2012,9001,9040,8985,9007,185,44,-84,145,6,0,1,7
3155,06/11/2012,8990,8990,8957,8975,-14,44,60,90,-15,0,0,7
3156,07/11/2012,9031,9032,8924,8973,38,-130,32,-60,-58,1,0,6
3157,08/11/2012,8868,8891,8811,8837,-270,-105,32,-343,-31,1,0,6
3158,09/11/2012,8743,8779,8729,8758,265,-93,174,346,15,0,1,6
3159,12/11/2012,8701,8729,8676,8676,-97,149,-118,-66,-25,1,0,7
3160,13/11/2012,8711,8723,8619,8661,-164,283,155,274,-50,0,0,8
3161,14/11/2012,8660,8680,8653,8665,13,-187,268,94,5,0,1,7
3162,15/11/2012,8704,8830,8684,8830,722,-126,211,807,126,0,1,7
3163,16/11/2012,8898,9032,8898,9024,-602,156,345,-101,126,0,0,8
3164,19/11/2012,9141,9183,9135,9153,-31,16,172,157,12,0,1,7
3165,20/11/2012,9198,9201,9129,9143,-732,184,-31,-579,-55,1,0,7
3166,21/11/2012,9214,9249,9161,9223,-262,307,9,54,9,0,1,8
3167,22/11/2012,9336,9367,9305,9367,59,130,31,220,31,0,1,8
3168,26/11/2012,9466,9488,9389,9389,-692,-240,-77,-1009,-77,1,0,8
3169,27/11/2012,9371,9450,9371,9423,-42,-34,52,-24,52,0,0,8
3170,28/11/2012,9375,9408,9308,9308,411,-182,8,237,-67,0,0,7
3171,29/11/2012,9370,9412,9350,9401,294,-233,14,75,31,0,1,7
3172,30/11/2012,9447,9493,9380,9446,-155,-250,193,-212,-1,1,0,7
3173,03/12/2012,9484,9526,9453,9458,-262,146,-17,-133,-26,1,0,7
3174,04/12/2012,9419,9457,9406,9432,-568,-292,-186,-1046,13,0,0,8
3175,05/12/2012,9380,9516,9377,9469,-99,110,184,195,89,0,1,7
3176,06/12/2012,9536,9565,9503,9545,-164,-15,12,-167,9,0,0,7
3177,07/12/2012,9547,9573,9522,9527,-98,-261,-93,-452,-20,1,0,6
3178,10/12/2012,9584,9584,9517,9534,255,-128,391,518,-50,0,0,6
3179,11/12/2012,9511,9534,9488,9525,291,484,184,959,14,0,1,5
3180,12/12/2012,9606,9606,9566,9581,-395,132,-123,-386,-25,1,0,6
3181,13/12/2012,9681,9767,9672,9743,138,72,62,272,62,0,1,7
3182,14/12/2012,9704,9776,9688,9738,179,-451,-187,-459,34,0,0,7
3183,17/12/2012,9896,9903,9826,9829,512,399,216,1127,-67,0,0,6
3184,18/12/2012,9849,9967,9849,9923,-708,-34,59,-683,74,0,0,5
3185,19/12/2012,10025,10160,10017,10160,-363,-148,-12,-523,135,0,0,5
3186,20/12/2012,10093,10148,10029,10039,-947,-229,-229,-1405,-54,1,0,4
3187,21/12/2012,10146,10175,9924,9940,154,-169,11,-4,-206,1,0,5
3188,25/12/2012,10092,10119,10030,10080,514,362,74,950,-12,0,0,5
3189,26/12/2012,10131,10230,10107,10230,13,77,108,198,99,0,1,5
3190,27/12/2012,10295,10376,10289,10323,-1094,-329,-448,-1871,28,0,0,5
3191,28/12/2012,10406,10434,10375,10395,-53,-53,56,-50,-11,1,0,4
3192,04/01/2013,10604,10734,10602,10688,292,182,-24,450,84,0,1,4
3193,07/01/2013,10744,10744,10590,10599,1080,-145,-145,790,-145,0,0,5
3194,08/01/2013,10544,10602,10463,10508,-290,-178,-55,-523,-36,1,0,5
3195,09/01/2013,10406,10621,10399,10579,326,74,27,427,173,0,1,6
3196,10/01/2013,10635,10686,10620,10653,47,-197,-29,-179,18,0,0,7
3197,11/01/2013,10786,10830,10748,10802,16,89,19,124,16,0,1,6
3198,15/01/2013,10915,10952,10852,10879,-831,-113,-206,-1150,-36,1,0,6
3199,16/01/2013,10806,10806,10591,10600,-1105,-399,-538,-2042,-206,1,0,7
3200,17/01/2013,10661,10695,10433,10610,172,151,-47,276,-51,0,0,7
3201,18/01/2013,10792,10913,10787,10913,-87,-454,139,-402,121,0,0,7
3202,21/01/2013,10941,10941,10748,10748,-578,-662,-886,-2126,-193,1,0,6
3203,22/01/2013,10765,10859,10615,10710,-141,-494,-161,-796,-55,1,0,6
3204,23/01/2013,10576,10663,10487,10487,-591,22,-89,-658,-89,1,0,7
3205,24/01/2013,10441,10635,10441,10621,308,818,308,1434,180,0,1,7
3206,25/01/2013,10797,10927,10791,10927,179,-180,49,48,130,0,1,7
3207,28/01/2013,11003,11003,10824,10824,312,-44,334,602,-179,0,0,8
3208,29/01/2013,10751,10938,10751,10867,460,102,57,619,116,0,1,7
3209,30/01/2013,10914,11114,10906,11114,525,22,183,730,200,0,1,7
3210,31/01/2013,11058,11145,11008,11139,443,276,70,789,81,0,1,7
3211,01/02/2013,11194,11238,11142,11191,-1094,-270,-229,-1593,-3,1,0,8
3212,04/02/2013,11254,11285,11195,11260,292,182,-24,450,6,0,1,9
3213,05/02/2013,11105,11171,11047,11047,-448,-58,25,-481,-58,1,0,9
3214,06/02/2013,11237,11498,11232,11464,325,-83,394,636,227,0,1,9
3215,07/02/2013,11406,11447,11296,11357,-632,79,65,-488,-49,1,0,9
3216,08/02/2013,11180,11300,11136,11153,-157,-108,-27,-292,-27,1,0,9
3217,12/02/2013,11347,11461,11343,11369,-591,-327,-68,-986,22,0,0,9
3218,13/02/2013,11334,11365,11197,11251,-43,-194,-250,-487,-83,1,0,9
3219,14/02/2013,11273,11357,11243,11307,55,149,94,298,34,0,1,9
3220,15/02/2013,11239,11262,11065,11174,-148,49,-530,-629,-65,1,0,9
3221,18/02/2013,11318,11445,11309,11408,136,-130,164,170,90,0,1,9
3222,19/02/2013,11336,11413,11336,11372,188,355,-309,234,36,0,1,9
3223,20/02/2013,11486,11511,11440,11468,-18,327,220,529,-18,0,0,9
3224,21/02/2013,11405,11442,11302,11309,-524,337,-267,-454,-96,1,0,8
3225,22/02/2013,11239,11391,11176,11386,315,344,96,755,147,0,1,8
3226,25/02/2013,11565,11663,11562,11663,-351,-836,-351,-1538,98,0,0,8
3227,26/02/2013,11450,11520,11375,11399,-820,-243,-196,-1259,-51,1,0,7
3228,27/02/2013,11419,11420,11254,11254,-364,497,-79,54,-165,0,0,8
3229,28/02/2013,11397,11564,11393,11559,132,-426,162,-132,162,0,0,7
3230,01/03/2013,11465,11649,11465,11606,264,113,-699,-322,141,0,0,6
3231,04/03/2013,11695,11768,11614,11652,127,116,-518,-275,-43,1,0,5
3232,05/03/2013,11733,11779,11666,11683,117,449,44,610,-50,0,0,5
3233,06/03/2013,11811,11934,11803,11932,534,178,458,1170,121,0,1,4
3234,07/03/2013,12037,12070,11946,11968,-187,-24,-136,-347,-69,1,0,5
3235,08/03/2013,12066,12284,12065,12284,59,-162,-20,-123,218,0,0,5
3236,11/03/2013,12363,12404,12301,12349,-111,-14,-14,-139,-14,1,0,4
3237,12/03/2013,12434,12462,12315,12315,-294,-97,-97,-488,-119,1,0,5
3238,13/03/2013,12252,12339,12234,12240,251,-107,-12,132,-12,0,0,5
3239,14/03/2013,12332,12396,12249,12381,-516,-61,-8,-585,49,0,0,5
3240,15/03/2013,12438,12561,12434,12561,-69,-103,103,-69,123,0,0,5
3241,18/03/2013,12365,12373,12221,12221,-717,-228,-228,-1173,-144,1,0,5
3242,19/03/2013,12406,12491,12401,12468,-213,36,419,242,62,0,1,5
3243,21/03/2013,12592,12650,12586,12636,186,65,115,366,44,0,1,6
3244,22/03/2013,12499,12522,12339,12339,-689,-160,-37,-886,-160,1,0,6
3245,25/03/2013,12508,12594,12480,12546,-329,-418,4,-743,38,0,0,6
3246,26/03/2013,12462,12540,12456,12472,466,368,65,899,10,0,1,6
3247,27/03/2013,12477,12502,12442,12494,-333,-229,-81,-643,17,0,0,6
3248,28/03/2013,12457,12463,12286,12336,-301,-141,0,-442,-121,1,0,5
3249,29/03/2013,12406,12426,12320,12398,-444,-312,-83,-839,-8,1,0,6
3250,01/04/2013,12371,12385,12133,12135,-456,-327,-590,-1373,-236,1,0,7
3251,02/04/2013,12052,12107,11806,12003,-71,-19,-71,-161,-49,1,0,8
3252,03/04/2013,12112,12362,12102,12362,283,173,250,706,250,0,1,8
3253,04/04/2013,12188,12635,12076,12635,439,347,429,1215,447,0,1,8
3254,05/04/2013,12881,13226,12831,12834,-98,68,-178,-208,-47,1,0,8
3255,08/04/2013,13083,13225,13080,13193,-404,200,200,-4,110,0,0,8
3256,09/04/2013,13309,13331,13152,13192,-312,-117,-117,-546,-117,1,0,8
3257,10/04/2013,13177,13325,13177,13288,111,111,111,333,111,0,1,8
3258,11/04/2013,13445,13549,13384,13549,234,104,104,442,104,0,1,9
3259,12/04/2013,13568,13568,13403,13485,93,469,-83,479,-83,0,0,9
3260,15/04/2013,13346,13408,13258,13276,-40,83,-159,-116,-70,1,0,8
3261,16/04/2013,13024,13312,13004,13221,158,142,197,497,197,0,1,8
3262,17/04/2013,13330,13398,13319,13383,287,8,-42,253,53,0,1,8
3263,18/04/2013,13272,13378,13201,13220,-52,-250,-308,-610,-52,1,0,8
3264,19/04/2013,13268,13339,13187,13316,-86,-177,-201,-464,48,0,0,8
3265,22/04/2013,13537,13612,13529,13568,105,-58,-47,0,31,0,0,7
3266,23/04/2013,13546,13585,13506,13530,-65,-175,-118,-358,-16,1,0,7
3267,24/04/2013,13687,13843,13687,13843,433,75,-14,494,156,0,1,7
3268,25/04/2013,13888,13974,13828,13926,-655,-29,149,-535,38,0,0,7
3269,26/04/2013,13979,13984,13852,13884,-976,-182,-170,-1328,-95,1,0,6
3270,30/04/2013,13855,13897,13779,13861,-47,35,-174,-186,6,0,0,7
3271,01/05/2013,13838,13845,13782,13799,20,-200,-15,-195,-39,1,0,6
3272,02/05/2013,13727,13780,13638,13694,6,-113,151,44,-33,0,0,6
3273,07/05/2013,13960,14196,13952,14180,-227,770,114,657,220,0,1,5
3274,08/05/2013,14196,14421,14187,14286,-761,-120,-120,-1001,90,0,0,5
3275,09/05/2013,14367,14410,14191,14191,-643,-228,-228,-1099,-176,1,0,5
3276,10/05/2013,14449,14637,14427,14608,-262,401,7,146,159,0,1,6
3277,13/05/2013,14760,14849,14728,14782,-198,-97,-97,-392,22,0,0,6
3278,14/05/2013,14823,14840,14755,14758,-65,-16,-65,-146,-65,1,0,5
3279,15/05/2013,14962,15109,14956,15096,134,134,134,402,134,0,1,6
3280,16/05/2013,15146,15156,14880,15037,-203,-109,-109,-421,-109,1,0,6
3281,17/05/2013,14926,15157,14902,15138,418,212,212,842,212,0,1,7
3282,20/05/2013,15261,15382,15246,15361,121,100,100,321,100,0,1,7
3283,21/05/2013,15265,15388,15264,15381,47,116,116,279,116,0,1,8
3284,22/05/2013,15441,15707,15433,15627,664,282,282,1228,186,0,1,8
3285,23/05/2013,15740,15943,14484,14484,-1353,-1256,-1256,-3865,-1256,1,0,9
3286,24/05/2013,14732,15008,13982,14612,-120,-120,-120,-360,-120,1,0,9
3287,27/05/2013,14374,14381,14027,14143,-231,-307,-231,-769,-231,1,0,9
3288,28/05/2013,13944,14400,13944,14312,368,368,368,1104,368,0,1,10
3289,29/05/2013,14493,14512,14243,14326,-167,-167,-167,-501,-167,1,0,10
3290,30/05/2013,14073,14098,13556,13589,-484,-668,-484,-1636,-484,1,0,10
3291,31/05/2013,13804,13917,13681,13775,-29,-40,-29,-98,-29,1,0,10
3292,03/06/2013,13551,13563,13262,13262,-153,-243,-153,-549,-289,1,0,10
3293,04/06/2013,13187,13610,13061,13534,347,536,347,1230,347,0,1,10
3294,05/06/2013,13567,13711,13011,13015,-552,-319,-550,-1421,-552,1,0,10
3295,06/06/2013,12925,13239,12862,12904,-21,200,-21,158,-21,0,0,10
3296,07/06/2013,12706,13106,12548,12878,172,288,172,632,172,0,1,9
3297,10/06/2013,13142,13514,13141,13514,372,421,372,1165,372,0,1,9
3298,11/06/2013,13505,13584,13296,13318,-282,-205,-120,-607,-187,1,0,9
3299,12/06/2013,13088,13333,12994,13289,-199,431,168,400,201,0,1,9
3300,13/06/2013,13038,13050,12416,12445,-557,-356,-292,-1205,-593,1,0,9
3301,14/06/2013,12669,12901,12629,12687,249,132,18,399,18,0,1,9
3302,17/06/2013,12584,13033,12550,13033,620,-100,300,820,449,0,1,9
3303,18/06/2013,13015,13139,12919,13007,55,83,-8,130,-8,0,0,9
3304,19/06/2013,13233,13297,13108,13245,-159,514,-52,303,12,0,1,8
3305,20/06/2013,13102,13191,12966,13015,280,295,367,942,-87,0,0,8
3306,21/06/2013,12788,13330,12703,13230,9,177,589,775,442,0,1,8
3307,24/06/2013,13418,13426,13026,13063,-344,273,-514,-585,-355,1,0,8
3308,25/06/2013,13082,13235,12758,12969,-378,48,-250,-580,-113,1,0,8
3309,26/06/2013,13153,13190,12827,12834,9,-637,-118,-746,-319,1,0,8
3310,27/06/2013,12969,13214,12874,13214,-519,57,343,-119,245,0,0,8
3311,28/06/2013,13384,13724,13355,13677,386,693,209,1288,293,0,1,7
3312,01/07/2013,13747,13863,13563,13852,105,305,105,515,105,0,1,7
3313,02/07/2013,13969,14099,13899,14099,234,130,130,494,130,0,1,7
3314,03/07/2013,14150,14165,13984,14056,-27,-94,-94,-215,-94,1,0,8
3315,04/07/2013,13970,14093,13962,14019,49,-16,49,82,49,0,1,8
3316,05/07/2013,14151,14310,14150,14310,159,159,159,477,159,0,1,9
3317,08/07/2013,14491,14498,14109,14109,-223,-406,-406,-1035,-382,1,0,9
3318,09/07/2013,14295,14473,14186,14473,436,178,277,891,178,0,1,9
3319,10/07/2013,14465,14555,14288,14417,196,-48,-48,100,-48,0,0,9
3320,11/07/2013,14275,14497,14275,14473,436,271,198,905,198,0,1,8
3321,12/07/2013,14475,14574,14417,14506,-35,213,7,185,31,0,1,9
3322,16/07/2013,14595,14639,14551,14599,-311,-201,-89,-601,4,0,0,9
3323,17/07/2013,14492,14615,14461,14615,-790,30,-103,-863,123,0,0,8
3324,18/07/2013,14645,14828,14645,14808,118,-5,-89,24,163,0,1,7
3325,19/07/2013,14910,14953,14413,14590,-85,-149,-149,-383,-320,1,0,7
3326,22/07/2013,14770,14770,14514,14658,325,159,-102,382,-112,0,0,7
3327,23/07/2013,14555,14820,14549,14779,308,336,338,982,224,0,1,6
3328,24/07/2013,14720,14752,14631,14731,94,381,524,999,11,0,1,6
3329,25/07/2013,14747,14749,14533,14563,-276,-386,-484,-1146,-184,1,0,6
3330,26/07/2013,14339,14376,14115,14130,-431,-435,-592,-1458,-209,1,0,7
3331,29/07/2013,13899,13954,13661,13661,-504,-238,-238,-980,-238,1,0,7
3332,30/07/2013,13634,13909,13614,13870,236,372,236,844,236,0,1,7
3333,31/07/2013,13734,13836,13644,13668,-267,-135,8,-394,-66,1,0,8
3334,01/08/2013,13674,14006,13646,14006,332,332,196,860,332,0,1,9
3335,02/08/2013,14179,14466,14147,14466,38,420,146,604,287,0,1,9
3336,05/08/2013,14318,14371,14226,14258,-441,295,302,156,-60,0,0,9
3337,06/08/2013,14237,14401,14032,14401,315,164,164,643,164,0,1,9
3338,07/08/2013,14156,14165,13825,13825,-331,-541,-238,-1110,-331,1,0,9
3339,08/08/2013,13779,14031,13557,13606,-502,-173,146,-529,-173,1,0,9
3340,09/08/2013,13673,13755,13528,13615,-256,-1200,-259,-1715,-58,1,0,9
3341,12/08/2013,13470,13659,13431,13519,49,-89,111,71,49,0,1,9
3342,13/08/2013,13696,13867,13689,13867,620,-238,112,494,171,0,1,9
3343,14/08/2013,13937,14050,13747,14050,-17,-36,28,-25,113,0,0,9
3344,15/08/2013,13846,13981,13711,13753,-563,54,-204,-713,-93,1,0,8
3345,16/08/2013,13533,13740,13533,13650,-135,127,119,111,117,0,1,8
3346,19/08/2013,13670,13758,13590,13758,-86,-140,319,93,88,0,1,8
3347,20/08/2013,13633,13730,13383,13396,-189,-201,-184,-574,-237,1,0,9
3348,21/08/2013,13431,13500,13250,13424,-885,-47,172,-760,-7,1,0,9
3349,22/08/2013,13314,13447,13239,13365,221,-176,222,267,51,0,1,9
3350,23/08/2013,13584,13775,13575,13661,542,257,72,871,77,0,1,9
3351,26/08/2013,13720,13741,13587,13636,56,-119,-144,-207,-84,1,0,9
3352,27/08/2013,13552,13679,13517,13542,352,428,689,1469,-10,0,0,9
3353,28/08/2013,13285,13393,13188,13338,94,-244,-329,-479,53,0,0,8
3354,29/08/2013,13383,13463,13365,13460,84,-277,77,-116,77,0,0,8
3355,02/09/2013,13438,13613,13408,13573,280,26,-142,164,135,0,1,7
3356,03/09/2013,13749,13978,13749,13978,-357,265,245,153,229,0,1,7
3357,04/09/2013,13875,14057,13844,14054,179,318,179,676,179,0,1,7
3358,05/09/2013,14140,14156,13982,14065,33,-221,-75,-263,-75,1,0,7
3359,06/09/2013,14088,14099,13835,13861,-434,-309,-309,-1052,-227,1,0,7
3360,09/09/2013,14142,14251,14118,14205,490,2,86,578,63,0,1,7
3361,10/09/2013,14319,14442,14297,14423,-847,408,135,-304,104,0,0,7
3362,11/09/2013,14512,14561,14423,14425,-255,-87,-87,-429,-87,1,0,6
3363,12/09/2013,14398,14455,14322,14387,-160,-11,-45,-216,-11,1,0,7
3364,13/09/2013,14317,14440,14233,14405,134,-161,-22,-49,88,0,0,8
3365,17/09/2013,14457,14475,14312,14312,-91,-285,296,-80,-145,1,0,8
3366,18/09/2013,14412,14626,14396,14505,130,-469,89,-250,93,0,0,8
3367,19/09/2013,14680,14766,14582,14766,-435,145,311,21,86,0,1,7
3368,20/09/2013,14802,14817,14702,14742,-594,-164,-164,-922,-60,1,0,7
3369,23/09/2013,14742,14742,14742,14742,340,-63,-78,199,0,0,0,7
3370,24/09/2013,14626,14768,14607,14733,-19,215,245,441,107,0,1,6
3371,25/09/2013,14713,14738,14621,14621,-104,-218,-141,-463,-92,1,0,6
3372,26/09/2013,14553,14799,14411,14799,-301,-192,215,-278,246,0,0,7
3373,27/09/2013,14804,14818,14699,14760,312,-44,334,602,-44,0,0,6
3374,30/09/2013,14531,14619,14426,14456,-1369,93,-173,-1449,-75,1,0,5
3375,01/10/2013,14518,14643,14472,14485,-77,-15,-33,-125,-33,1,0,6
3376,02/10/2013,14492,14569,14115,14170,-373,-43,-322,-738,-322,1,0,6
3377,03/10/2013,14140,14220,14082,14157,126,126,269,521,17,0,1,7
3378,04/10/2013,14030,14150,13944,14024,-6,95,-6,83,-6,0,0,7
3379,07/10/2013,14058,14073,13842,13853,-504,-205,-230,-939,-205,1,0,6
3380,08/10/2013,13795,13930,13749,13895,100,-60,100,140,100,0,1,7
3381,09/10/2013,13790,14038,13752,14038,352,-81,248,519,248,0,1,7
3382,10/10/2013,14098,14200,14077,14195,77,-99,141,119,97,0,1,7
3383,11/10/2013,14377,14448,14320,14405,73,502,369,944,28,0,1,8
3384,14/10/2013,14405,14405,14405,14405,0,33,-49,-16,0,0,0,9
3385,15/10/2013,14510,14510,14416,14442,-162,71,-41,-132,-68,1,0,8
3386,16/10/2013,14434,14494,14418,14467,85,100,91,276,33,0,1,8
3387,17/10/2013,14640,14664,14493,14587,71,-185,91,-23,-53,1,0,8
3388,18/10/2013,14590,14610,14503,14562,53,353,-28,378,-28,0,0,8
3389,21/10/2013,14624,14728,14624,14694,234,164,91,489,70,0,1,8
3390,22/10/2013,14677,14748,14642,14713,-82,-526,-55,-663,36,0,0,8
3391,23/10/2013,14784,14799,14426,14426,-263,-285,-337,-885,-358,1,0,7
3392,24/10/2013,14345,14500,14274,14486,280,461,-31,710,141,0,1,7
3393,25/10/2013,14439,14442,14088,14088,22,-569,-269,-816,-351,1,0,7
3394,28/10/2013,14262,14400,14194,14396,-85,174,134,223,134,0,1,7
3395,29/10/2013,14289,14396,14225,14326,94,-59,23,58,37,0,1,8
3396,30/10/2013,14465,14527,14426,14502,209,-52,321,478,37,0,1,8
3397,31/10/2013,14474,14516,14324,14328,-174,-32,-54,-260,-146,1,0,8
3398,01/11/2013,14403,14411,14126,14202,-1099,-753,-987,-2839,-201,1,0,8
3399,05/11/2013,14320,14323,14142,14225,-96,-56,-147,-299,-95,1,0,9
3400,06/11/2013,14155,14408,14131,14337,-287,207,151,71,182,0,1,9
3401,07/11/2013,14356,14372,14222,14228,-64,-48,-136,-248,-128,1,0,10
3402,08/11/2013,14026,14122,14026,14087,-13,-1068,-371,-1452,61,0,0,10
3403,11/11/2013,14271,14304,14208,14270,331,251,82,664,-1,0,0,9
3404,12/11/2013,14290,14589,14278,14589,353,309,-292,370,299,0,1,8
3405,13/11/2013,14528,14600,14491,14567,71,39,63,173,39,0,1,8
3406,14/11/2013,14666,14966,14666,14876,519,210,268,997,210,0,1,8
3407,15/11/2013,15034,15203,14995,15166,-157,115,132,90,132,0,1,8
3408,18/11/2013,15253,15274,15107,15164,70,-89,-89,-108,-89,1,0,8
3409,19/11/2013,15097,15163,15020,15127,-40,30,30,20,30,0,1,8
3410,20/11/2013,15176,15210,15070,15076,-100,-100,-123,-323,-100,1,0,8
3411,21/11/2013,15177,15377,15168,15366,189,267,189,645,189,0,1,8
3412,22/11/2013,15513,15579,15307,15382,112,-161,-161,-210,-131,1,0,8
3413,25/11/2013,15505,15619,15470,15619,-821,156,65,-600,114,0,0,9
3414,26/11/2013,15502,15578,15461,15515,1266,13,13,1292,13,0,1,9
3415,27/11/2013,15415,15513,15415,15450,385,153,58,596,35,0,1,9
3416,28/11/2013,15622,15729,15606,15727,-140,-267,-202,-609,105,0,0,9
3417,29/11/2013,15661,15728,15507,15662,283,193,193,669,1,0,1,8
3418,02/12/2013,15660,15703,15580,15655,364,-297,-11,56,-5,0,0,8
3419,03/12/2013,15748,15794,15662,15750,186,84,-120,150,2,0,1,7
3420,04/12/2013,15520,15579,15326,15408,-578,-658,-219,-1455,-112,1,0,7
3421,05/12/2013,15355,15430,15139,15177,-178,-211,-178,-567,-178,1,0,7
3422,06/12/2013,15113,15327,15113,15300,187,125,187,499,187,0,1,7
3423,09/12/2013,15557,15650,15547,15650,-83,197,221,335,93,0,1,7
3424,10/12/2013,15634,15634,15562,15611,-88,-97,-93,-278,-23,1,0,8
3425,11/12/2013,15510,15562,15386,15515,65,-77,-37,-49,5,0,0,8
3426,12/12/2013,15377,15393,15255,15342,-19,33,65,79,-35,0,0,7
3427,13/12/2013,15317,15533,15251,15403,-55,504,-278,171,86,0,1,7
3428,16/12/2013,15408,15408,15146,15153,-279,-394,-492,-1165,-255,1,0,7
3429,17/12/2013,15290,15322,15248,15279,94,-263,38,-131,-11,1,0,8
3430,18/12/2013,15273,15588,15268,15588,265,-93,174,346,315,0,1,8
3431,19/12/2013,15809,15892,15799,15859,7,647,-76,578,50,0,1,8
3432,20/12/2013,15791,15870,15755,15870,-461,79,79,-303,79,0,0,8
3433,23/12/2013,15870,15870,15870,15870,-150,120,46,16,0,0,0,7
3434,24/12/2013,15956,16030,15849,15889,-265,-80,32,-313,-67,1,0,6
3435,25/12/2013,15861,16011,15854,16010,-910,293,149,-468,149,0,0,6
3436,26/12/2013,16087,16186,16082,16174,-412,152,87,-173,87,0,0,6
3437,27/12/2013,16229,16233,16057,16179,-388,-88,-61,-537,-50,1,0,6
3438,30/12/2013,16269,16320,16183,16291,-138,22,22,-94,22,0,0,6
3439,31/03/2014,14840,14844,14718,14828,-91,-12,-12,-115,-12,1,0,5
3440,01/04/2014,14871,14871,14751,14792,-79,-252,-79,-410,-79,1,0,5
3441,02/04/2014,14898,15070,14893,14946,48,48,48,144,48,0,1,5
3442,03/04/2014,15009,15164,14976,15072,63,63,63,189,63,0,1,5
3443,04/04/2014,15006,15098,15001,15064,58,58,58,174,58,0,1,6
3444,07/04/2014,14881,14896,14764,14809,-571,-72,-72,-715,-72,1,0,7
3445,08/04/2014,14716,14740,14605,14607,-109,-109,-109,-327,-109,1,0,7
3446,09/04/2014,14436,14502,14279,14300,-136,105,196,165,-136,0,0,8
3447,10/04/2014,14485,14513,14234,14300,-185,-185,-185,-555,-185,1,0,8
3448,11/04/2014,14028,14066,13885,13960,-68,-191,-68,-327,-68,1,0,8
3449,14/04/2014,13887,14008,13885,13910,23,125,23,171,23,0,1,9
3450,15/04/2014,14069,14097,13969,13997,-72,-659,-72,-803,-72,1,0,9
3451,16/04/2014,14127,14420,14126,14418,501,175,203,879,291,0,1,9
3452,17/04/2014,14396,14501,14352,14418,568,107,-118,557,22,0,1,9
3453,18/04/2014,14489,14537,14443,14516,-426,290,-114,-250,27,0,0,9
3454,21/04/2014,14549,14650,14503,14512,-30,-51,132,51,-37,0,0,8
3455,22/04/2014,14586,14604,14389,14389,-277,-203,-308,-788,-197,1,0,7
3456,23/04/2014,14480,14546,14459,14546,372,458,-90,740,66,0,1,7
3457,24/04/2014,14563,14563,14367,14405,-250,-316,-201,-767,-158,1,0,8
3458,25/04/2014,14370,14554,14328,14429,-527,105,-10,-432,59,0,0,8
3459,28/04/2014,14290,14324,14224,14288,-213,50,-550,-713,-2,1,0,7
3460,29/04/2014,14288,14288,14288,14288,-250,-16,44,-222,0,0,0,7
3461,30/04/2014,14394,14421,14276,14304,-224,-291,-308,-823,-90,1,0,6
3462,01/05/2014,14341,14493,14341,14485,934,114,5,1053,144,0,1,6
3463,02/05/2014,14454,14474,14406,14458,-252,-49,-28,-329,4,0,0,6
3464,06/05/2014,14454,14474,14406,14458,283,54,-158,179,4,0,1,6
3465,07/05/2014,14296,14299,14033,14033,362,49,-546,-135,-263,1,0,7
3466,08/05/2014,14136,14254,14108,14164,-324,183,28,-113,28,0,0,7
3467,09/05/2014,14102,14266,14091,14200,-89,118,-6,23,98,0,1,6
3468,12/05/2014,14173,14234,14130,14150,-189,-927,153,-963,-23,1,0,6
3469,13/05/2014,14368,14464,14360,14425,88,194,282,564,57,0,1,7
3470,14/05/2014,14386,14419,14350,14405,19,-368,91,-258,19,0,0,7
3471,15/05/2014,14281,14306,14190,14298,-191,47,-63,-207,17,0,0,7
3472,16/05/2014,14088,14108,14016,14097,-458,-143,25,-576,9,0,0,6
3473,19/05/2014,14130,14150,13992,14006,-148,-118,-90,-356,-124,1,0,5
3474,20/05/2014,14088,14144,14038,14075,0,-31,-153,-184,-13,1,0,6
3475,21/05/2014,13979,14077,13979,14006,-8,-334,787,445,27,0,1,6
3476,22/05/2014,14188,14369,14148,14338,-222,135,65,-22,150,0,0,6
3477,23/05/2014,14411,14528,14405,14462,910,51,51,1012,51,0,1,6
3478,26/05/2014,14593,14603,14531,14603,519,10,38,567,10,0,1,6
3479,27/05/2014,14622,14744,14580,14634,349,12,12,373,12,0,1,6
3480,28/05/2014,14662,14716,14600,14708,23,120,46,189,46,0,1,6
3481,29/05/2014,14627,14708,14568,14670,-169,43,43,-83,43,0,0,7
3482,02/06/2014,14720,14980,14820,14940,241,293,258,792,220,0,1,7
3483,03/06/2014,15060,15097,15000,15000,30,-60,-60,-90,-60,1,0,8
3484,04/06/2014,15058,15082,14982,15050,-1067,-58,-89,-1214,-8,1,0,8
3485,05/06/2014,15131,15140,15013,15090,-445,-35,-41,-521,-41,1,0,8
3486,06/06/2014,15138,15144,15042,15077,-69,-273,-61,-403,-61,1,0,8
